ticker,n_pit,n_iex,P,D,K,V,spread_P,spread_D,seam_step_served,flag
A,10,10,1.0,0.971792,0.971792,1.0,0.0008,0.0006,0.946248,
AA,10,10,0.999873,0.957304,0.957425,1.0,0.0004,0.0004,0.901741,
AAL,10,10,1.000576,1.0,0.999424,1.0,0.0012,0.0019,0.878425,no_rebase_needed
AAP,10,10,1.000023,0.903048,0.903027,1.0,0.0011,0.0079,0.880649,
AAPL,10,10,1.000153,0.979879,0.97973,1.0,0.0009,0.0013,0.956766,
ABBV,10,10,0.999933,0.863635,0.863693,1.0,0.0003,0.0005,0.857441,
ABC,10,10,,,,,,,,no_yahoo_history
ABMD,10,10,,,,,,,,no_yahoo_history
ABNB,10,10,1.0,0.999967,0.999967,1.0,0.001,0.0012,0.922387,no_rebase_needed
ABT,10,10,1.0,0.926137,0.926137,1.0,0.0002,0.0009,0.906725,
ACI,10,10,1.0,0.683556,0.683556,1.0,0.0004,0.0006,0.673399,
ACN,10,10,1.000077,0.945845,0.945771,1.0,0.0013,0.0018,0.918777,
ADBE,10,10,1.0,0.999988,0.999988,1.0,0.0007,0.0006,0.969175,no_rebase_needed
ADI,10,10,0.999937,0.932997,0.933055,1.0,0.0053,0.0011,0.870125,
ADM,10,10,1.0,0.888467,0.888467,1.0,0.0005,0.0006,0.901616,
ADP,10,10,1.000025,0.915667,0.915643,1.0,0.0005,0.0055,0.90981,
ADRA,10,10,,,,,,,,no_yahoo_history
ADRD,10,0,,,,,,,,no_seam_window
ADRE,10,10,1.0,0.943592,0.943592,1.0,0.0001,0.0428,0.928611,iex_side_unstable
ADRU,10,0,,,,,,,,no_seam_window
ADS,10,10,,,,,,,,no_yahoo_history
ADSK,10,10,0.999954,0.99992,0.999967,1.0,0.0003,0.0013,0.958851,no_rebase_needed
ADT,10,10,1.0,0.899307,0.899307,1.0,0.0015,0.006,0.864882,
AEE,10,10,1.0,0.886452,0.886452,1.0,0.0004,0.0066,0.881466,
AEP,10,10,1.000055,0.863877,0.863829,1.0,0.0006,0.0006,0.872206,
AES,10,10,1.0,0.848207,0.848207,1.0,0.0009,0.0009,0.849777,
AFK,10,10,1.0,0.934121,0.934121,1.0,0.0087,0.006,0.902407,
AFL,10,10,1.0,0.913169,0.913169,1.0,0.0002,0.0004,0.896765,
AFRM,10,10,1.0,0.999545,0.999545,1.0,0.0015,0.0023,0.938741,no_rebase_needed
AGG,10,10,0.998683,0.874298,0.875451,1.0,0.0016,0.0004,0.869447,
AGQ,10,10,1.0,1.000063,1.000063,1.0,0.0013,0.0032,1.002888,no_rebase_needed
AIA,10,10,1.0,0.904579,0.904579,1.0,0.0039,0.0071,0.869299,
AIG,10,10,1.0,0.909686,0.909686,1.0,0.0004,0.0057,0.865064,
AIV,10,10,1.0,0.501729,0.501729,1.0,0.0001,0.0028,0.488024,
AIZ,10,10,0.999735,0.933359,0.933607,1.0,0.0046,0.0009,0.927437,
AJG,10,10,0.996816,0.961381,0.964452,1.0,0.0036,0.001,0.929582,
AKAM,10,10,1.0,0.999955,0.999955,1.0,0.0004,0.0007,0.995467,no_rebase_needed
ALB,10,10,0.999664,0.947364,0.947683,1.0,0.0014,0.0034,0.909926,
ALGN,10,10,1.00001,1.000023,1.000013,1.0,0.0013,0.0008,0.937637,no_rebase_needed
ALK,10,10,1.000086,0.999893,0.999806,1.0,0.0004,0.0013,0.888968,no_rebase_needed
ALL,10,10,0.999958,0.909154,0.909192,1.0,0.0073,0.0007,0.892292,
ALLE,10,10,1.000045,0.948876,0.948833,1.0,0.0003,0.0035,0.926868,
ALLY,10,10,1.0,0.86822,0.86822,1.0,0.0004,0.0006,0.791297,
ALTR,10,10,,,,,,,,no_yahoo_history
AMAT,10,10,1.0,0.964739,0.964739,1.0,0.0012,0.0008,0.9144,
AMC,10,10,0.099945,0.389117,3.893296,0.1,0.0006,0.0009,3.570803,
AMCR,10,10,0.2,0.819955,4.099775,0.2,0.0011,0.0006,3.918161,
AMCX,10,10,1.000361,1.0,0.999639,1.0,0.0021,0.0025,0.956272,no_rebase_needed
AMD,10,10,1.000041,0.999907,0.999866,1.0,0.0004,0.0007,0.949543,no_rebase_needed
AME,10,10,1.000115,0.973713,0.9736,1.0,0.0006,0.0018,0.961051,
AMG,10,10,1.0,0.99882,0.99882,1.0,0.0014,0.0013,0.947499,no_rebase_needed
AMGN,10,10,1.000044,0.882277,0.882238,1.0,0.0002,0.0008,0.88771,
AMP,10,10,1.000221,0.942899,0.94269,1.0,0.0012,0.001,0.887579,
AMT,10,10,1.0,0.880281,0.880281,1.0,0.0004,0.0008,0.857243,
AMWL,10,10,0.05,1.0,19.999999,0.05,0.0049,0.0034,19.891304,
AMZN,10,10,20.0,1.000148,0.050007,20.0,0.0008,0.0008,0.047244,
AN,10,10,1.0,0.999932,0.999932,1.0,0.0004,0.0009,0.962423,no_rebase_needed
ANET,10,10,3.999672,0.999958,0.25001,4.0,0.0007,0.0009,0.241309,
ANF,10,10,1.0,0.99966,0.999661,1.0,0.0014,0.0005,0.926172,no_rebase_needed
ANSS,10,10,,,,,,,,no_yahoo_history
ANTM,10,10,,,,,,,,no_yahoo_history
AON,10,10,0.999966,0.974145,0.974178,1.0,0.0008,0.0008,0.955841,
AOS,10,10,1.0,0.928435,0.928435,1.0,0.0004,0.0006,0.914179,
APA,10,10,1.0,0.877041,0.877041,1.0,0.0003,0.0006,0.842358,
APD,10,10,1.000124,0.90244,0.902328,1.0,0.0005,0.0005,0.874982,
APH,10,10,1.999737,0.961539,0.480833,2.0,0.0007,0.0006,0.459232,
APO,10,10,1.0,0.92653,0.92653,1.0,0.0005,0.0006,0.850986,
APRN,10,10,,,,,,,,no_yahoo_history
APTV,10,10,1.000078,0.99946,0.999382,1.0,0.0003,0.001,0.921696,no_rebase_needed
ARE,10,10,1.000026,0.834317,0.834295,1.0,0.0005,0.0006,0.812048,
ARKF,10,10,1.000169,0.999098,0.998929,1.0,0.0017,0.0034,0.938023,no_rebase_needed
ARKG,10,10,1.000544,0.999429,0.998886,1.0,0.001,0.0026,0.983762,no_rebase_needed
ARKK,10,10,1.000516,0.999351,0.998836,1.0,0.0017,0.0028,0.965394,no_rebase_needed
ARKQ,10,10,1.000152,0.997706,0.997554,1.0,0.0016,0.0066,0.980849,
ARKW,10,10,0.999881,0.984436,0.984553,1.0,0.0011,0.0017,0.935623,
ARKX,10,10,0.998839,0.999845,1.001007,1.0,0.0015,0.0028,0.994867,no_rebase_needed
ARLO,10,10,1.0,1.0,1.0,1.0,0.0011,0.0022,0.954503,no_rebase_needed
ARNC,10,10,,,,,,,,no_yahoo_history
ARRY,10,10,1.0,0.999073,0.999073,1.0,0.002,0.0026,1.032538,no_rebase_needed
ASML,10,10,0.999992,0.965101,0.965108,1.0,0.0006,0.0016,0.932072,
ATO,10,10,1.000046,0.906464,0.906423,1.0,0.0005,0.0004,0.90506,
ATUS,10,10,,,,,,,,no_yahoo_history
ATVI,10,10,,,,,,,,no_yahoo_history
AUY,10,10,,,,,,,,no_yahoo_history
AVB,10,10,,,,,,,,no_yahoo_history
AVGO,10,10,10.001039,0.924194,0.09241,10.0,0.0015,0.0009,0.088508,
AVTR,10,10,1.000141,0.999707,0.999566,1.0,0.0003,0.0007,0.983092,no_rebase_needed
AVY,10,10,0.996871,0.930725,0.933646,1.0,0.0043,0.0009,0.880645,
AWK,10,10,1.0,0.916718,0.916718,1.0,0.0008,0.0004,0.906331,
AXON,10,10,0.999892,0.999759,0.999867,1.0,0.0012,0.0015,0.912685,no_rebase_needed
AXP,10,10,0.999897,0.950923,0.951021,1.0,0.0005,0.0004,0.874955,
AYX,10,10,,,,,,,,no_yahoo_history
AZN,10,10,0.499916,0.989489,1.979312,0.5,0.0166,0.0007,1.94626,pit_side_unstable
AZO,10,10,0.999994,0.998851,0.998857,1.0,0.0032,0.0021,0.983547,no_rebase_needed
BA,10,10,1.0,0.999869,0.999869,1.0,0.0006,0.001,0.935081,no_rebase_needed
BABA,10,10,1.000138,0.949511,0.949381,1.0,0.0005,0.0006,0.931281,
BABS,10,0,,,,,,,,no_seam_window
BABZ,10,0,,,,,,,,no_seam_window
BAC,10,10,0.995124,0.902201,0.906622,1.0,0.005,0.0005,0.844637,
BAH,10,10,1.0,0.928771,0.928771,1.0,0.0003,0.0012,0.935699,
BAX,10,10,1.0,0.913757,0.913757,1.0,0.0031,0.0004,0.902598,
BB,10,10,1.0,1.0,1.0,1.0,0.0016,0.0024,0.972222,no_rebase_needed
BBBY,10,10,,,,,,,,no_yahoo_history
BBH,10,10,1.0,0.97827,0.97827,1.0,0.0016,0.0043,0.958693,
BBWI,10,10,1.0,0.90582,0.90582,1.0,0.0004,0.0006,0.827173,
BBY,10,10,1.0,0.815979,0.815979,1.0,0.0003,0.0005,0.805438,
BDTX,10,10,1.0,1.0,1.0,1.0,0.0041,0.0054,0.917526,no_rebase_needed
BDX,10,10,1.30368,0.955478,0.732908,,0.0005,0.0041,0.732224,P_not_canonical
BEN,10,10,1.000165,0.814533,0.814399,1.0,0.0004,0.0008,0.785924,
BF-B,10,10,1.0,0.924056,0.924056,1.0,0.0003,0.0008,0.894469,
BHF,10,10,1.0,0.999784,0.999784,1.0,0.0006,0.0016,0.922864,no_rebase_needed
BIDU,10,10,1.0,1.000071,1.000071,1.0,0.0009,0.0013,0.940314,no_rebase_needed
BIIB,10,10,1.0,1.000221,1.000221,1.0,0.0005,0.0013,0.983481,no_rebase_needed
BIK,10,0,,,,,,,,no_seam_window
BIL,10,10,0.999891,0.852658,0.852751,1.0,0.0002,0.0002,0.852658,
BIO,10,10,0.999991,1.000037,1.000045,1.0,0.0021,0.0015,0.944157,no_rebase_needed
BIRD,10,10,0.049934,1.0,20.026519,0.05,0.0057,0.0024,18.954041,
BITO,10,10,1.0,0.267431,0.267431,1.0,0.0012,0.0017,0.253959,
BJ,10,10,1.0,0.99976,0.99976,1.0,0.001,0.0012,1.021028,no_rebase_needed
BJK,10,10,,,,,,,,no_yahoo_history
BK,10,10,,,,,,,,no_yahoo_history
BKF,10,10,0.999637,0.922974,0.923309,1.0,0.0078,0.0127,0.891871,iex_side_unstable
BKNG,10,10,25.00005,24.542692,0.981706,25.0,0.001,0.0012,0.898711,
BKR,10,10,1.0,0.911171,0.911171,1.0,0.0007,0.0007,0.953957,
BLK,10,10,0.993386,0.905146,0.911173,1.0,0.0015,0.0008,0.879172,
BLL,10,10,,,,,,,,no_yahoo_history
BLZE,10,10,0.998137,1.000031,1.001898,1.0,0.0085,0.0074,0.905063,no_rebase_needed
BMBL,10,10,1.0,0.99944,0.99944,1.0,0.0019,0.0025,0.895522,no_rebase_needed
BMRN,10,10,1.000194,1.0,0.999806,1.0,0.0017,0.001,0.97287,no_rebase_needed
BMY,10,10,1.0,0.846492,0.846492,1.0,0.0005,0.0003,0.83941,
BNO,10,10,1.0,0.999832,0.999832,1.0,0.0007,0.0022,1.042417,no_rebase_needed
BOND,10,10,0.998717,0.836085,0.837159,1.0,0.0031,0.0013,0.832427,
BOX,10,10,1.0,1.0,1.0,1.0,0.0006,0.0011,0.967483,no_rebase_needed
BP,10,10,1.0,0.81735,0.81735,1.0,0.0004,0.0008,0.831652,
BR,10,10,0.999896,0.930724,0.930821,1.0,0.0005,0.0051,0.927675,
BRF,10,10,0.999995,0.828479,0.828483,1.0,0.011,0.0039,0.789516,pit_side_unstable
BRK-B,10,10,0.999969,0.999967,0.999998,1.0,0.0008,0.0013,0.991727,no_rebase_needed
BRO,10,10,1.0,0.973312,0.973312,1.0,0.0005,0.0005,0.942302,
BROS,10,10,0.99999,1.000727,1.000737,1.0,0.005,0.0026,0.916396,no_rebase_needed
BSX,10,10,0.999889,1.0,1.000111,1.0,0.0007,0.0005,0.967713,no_rebase_needed
BTU,10,10,1.0,0.959388,0.959388,1.0,0.0004,0.0006,0.801015,
BURL,10,10,0.999673,0.999975,1.000302,1.0,0.0021,0.0006,0.912516,no_rebase_needed
BWA,10,10,1.133848,0.94375,0.832343,,0.0044,0.0006,0.787806,P_not_canonical
BWVTF,10,0,,,,,,,,no_seam_window
BWX,10,10,0.999629,0.93147,0.931816,1.0,0.0022,0.0031,0.92443,
BWZ,10,10,1.0,0.933835,0.933835,1.0,0.0005,0.0038,0.924825,
BX,10,10,0.999677,0.872489,0.872771,1.0,0.0006,0.0008,0.785532,
BXP,10,10,0.999959,0.805807,0.805841,1.0,0.0004,0.0009,0.792265,
BYND,10,10,0.03333,0.03332,0.999689,0.03333333333333333,0.0023,0.0012,0.980079,no_rebase_needed
C,10,10,1.0,0.864586,0.864586,1.0,0.0003,0.0004,0.84916,
CAG,10,10,1.0,0.817922,0.817922,1.0,0.0003,0.0007,0.801164,
CAH,10,10,1.0,0.917968,0.917968,1.0,0.0004,0.0004,0.891428,
CAKE,10,10,1.0,0.896679,0.896679,1.0,0.0008,0.0017,0.78912,
CAR,10,10,1.0,0.950634,0.950634,1.0,0.0015,0.0016,0.883314,
CARR,10,10,1.0,0.94329,0.94329,1.0,0.0007,0.0007,0.911962,
CARS,10,10,1.0,0.999323,0.999323,1.0,0.0015,0.0018,0.923277,no_rebase_needed
CAT,10,10,0.999974,0.930562,0.930586,1.0,0.0008,0.0006,0.935711,
CB,10,10,1.0,0.939407,0.939407,1.0,0.0011,0.0039,0.909548,
CBOE,10,10,0.999039,0.948725,0.949638,1.0,0.0034,0.0023,0.91784,
CBRE,10,10,0.999844,0.99989,1.000046,1.0,0.0006,0.0013,0.96388,no_rebase_needed
CCI,10,10,1.00003,0.811526,0.811502,1.0,0.0003,0.009,0.797602,
CCJ,10,10,1.0,0.991209,0.991209,1.0,0.0005,0.0007,1.012747,
CCL,10,10,1.0,0.995324,0.995324,1.0,0.001,0.0002,0.896512,
CDAY,10,10,,,,,,,,no_yahoo_history
CDLX,10,10,0.100046,0.099852,0.998061,0.1,0.0038,0.005,0.961068,no_rebase_needed
CDNS,10,10,1.000456,0.999761,0.999305,1.0,0.0008,0.0013,0.972224,no_rebase_needed
CDW,10,10,0.999913,0.948779,0.948862,1.0,0.0033,0.0015,0.914853,
CE,10,10,0.999928,0.937119,0.937187,1.0,0.0006,0.0007,0.88208,
CEG,10,10,0.99958,0.968644,0.969051,1.0,0.0035,0.0025,0.981259,
CERN,10,10,,,,,,,,no_yahoo_history
CF,10,10,1.0,0.917557,0.917557,1.0,0.0005,0.0006,0.962366,
CFG,10,10,1.0,0.838066,0.838066,1.0,0.0002,0.0002,0.790395,
CHD,10,10,1.0,0.953339,0.953339,1.0,0.0002,0.0005,0.962941,
CHK,10,10,,,,,,,,no_yahoo_history
CHKP,10,10,1.0,0.999928,0.999928,1.0,0.0008,0.0011,0.957043,no_rebase_needed
CHPT,10,10,0.05,0.999841,19.996821,0.05,0.0007,0.0012,21.840278,
CHRW,10,10,0.995118,0.909734,0.914197,1.0,0.0056,0.0009,0.898157,
CHTR,10,10,1.0,0.999912,0.999912,1.0,0.0008,0.0009,1.011456,no_rebase_needed
CHWY,10,10,0.999756,1.0,1.000244,1.0,0.0009,0.0018,0.94631,no_rebase_needed
CI,10,10,1.000065,0.930064,0.930003,1.0,0.0009,0.0048,0.912013,
CIEN,10,10,1.000071,1.000127,1.000056,1.0,0.0006,0.0006,0.891113,no_rebase_needed
CINF,10,10,0.999919,0.898331,0.898404,1.0,0.0011,0.0059,0.872502,
CIU,10,0,,,,,,,,no_seam_window
CL,10,10,1.0,0.909112,0.909112,1.0,0.0003,0.0021,0.901463,
CLF,10,10,1.0,1.0,1.0,1.0,0.0005,0.0009,1.004626,no_rebase_needed
CLNE,10,10,1.0,1.0,1.0,1.0,0.0027,0.0015,1.00473,no_rebase_needed
CLX,10,10,0.999932,0.871217,0.871276,1.0,0.0005,0.0007,0.875412,
CMA,10,10,,,,,,,,no_yahoo_history
CMCSA,10,10,1.067,0.87947,0.824245,,0.0006,0.0005,0.808358,P_not_canonical
CMD,10,0,,,,,,,,no_seam_window
CME,10,10,1.0,0.8368,0.8368,1.0,0.0006,0.0041,0.805769,
CMF,10,10,0.999087,0.90292,0.903745,1.0,0.0016,0.0021,0.901598,
CMG,10,10,50.0,1.00004,0.020001,50.0,0.0011,0.0011,0.018359,
CMI,10,10,1.000045,0.909674,0.909633,1.0,0.0008,0.0004,0.853309,
CMS,10,10,1.0,0.882791,0.882791,1.0,0.0003,0.0006,0.882801,
CNC,10,10,1.0,0.999942,0.999942,1.0,0.0002,0.0005,0.97025,no_rebase_needed
CNDT,10,10,1.000978,0.997859,0.996883,1.0,0.0025,0.0014,0.978824,
CNP,10,10,1.0,0.903393,0.903393,1.0,0.0007,0.0005,0.895305,
COF,10,10,1.000036,0.930402,0.930369,1.0,0.0005,0.0005,0.866192,
COIN,10,10,1.0,0.999654,0.999654,1.0,0.0003,0.0008,0.970917,no_rebase_needed
COLX,10,0,,,,,,,,no_seam_window
COO,10,10,3.999208,0.99972,0.249979,4.0,0.0011,0.0011,0.235986,
COP,10,10,1.0,0.862535,0.862535,1.0,0.0007,0.0005,0.87097,
COST,10,10,1.000126,0.953847,0.953727,1.0,0.0005,0.0012,0.95961,
COTY,10,10,0.999455,0.999387,0.999932,1.0,0.0013,0.0023,0.907522,no_rebase_needed
COUP,10,10,,,,,,,,no_yahoo_history
COWTF,10,0,,,,,,,,no_seam_window
CPB,10,10,0.99978,0.864953,0.865144,1.0,0.0005,0.0007,0.864485,
CPER,10,10,1.0,1.0,1.0,1.0,0.0012,0.0031,0.966243,no_rebase_needed
CPRI,10,10,1.0,0.999909,0.999909,1.0,0.0005,0.0006,0.847635,no_rebase_needed
CPRT,10,10,4.0,0.999955,0.249989,4.0,0.0008,0.0012,0.231601,
CRED,10,10,,,,,,,,no_yahoo_history
CRL,10,10,1.0,1.000243,1.000243,1.0,0.0005,0.0015,0.95902,no_rebase_needed
CRM,10,10,0.99988,0.988055,0.988174,1.0,0.0014,0.0012,0.954175,
CRSP,10,10,0.999906,1.000539,1.000633,1.0,0.0028,0.0021,1.039677,no_rebase_needed
CRUS,10,10,1.000239,1.000126,0.999887,1.0,0.0007,0.0022,0.955775,no_rebase_needed
CRWD,10,10,4.0,4.0,1.0,4.0,0.0008,0.0009,0.935039,no_rebase_needed
CSCO,10,10,1.000178,0.88821,0.888052,1.0,0.0006,0.0007,0.874218,
CSGP,10,10,1.0,0.99991,0.99991,1.0,0.001,0.0005,0.919717,no_rebase_needed
CSJ,10,0,,,,,,,,no_seam_window
CSX,10,10,0.999856,0.945362,0.945498,1.0,0.0033,0.0006,0.934819,
CTAS,10,10,4.0,0.963998,0.240999,4.0,0.0005,0.0009,0.236055,
CTLT,10,10,,,,,,,,no_yahoo_history
CTRA,10,10,,,,,,,,no_yahoo_history
CTRU,10,10,1.0,1.000015,1.000015,1.0,0.0008,0.0164,0.984868,iex_side_unstable;no_rebase_needed
CTSH,10,10,1.0,0.935733,0.935733,1.0,0.0003,0.0006,0.912323,
CTVA,10,10,0.998714,0.957427,0.95866,1.0,0.003,0.0004,0.952388,
CTXS,10,10,,,,,,,,no_yahoo_history
CURE,10,10,0.999911,0.94748,0.947564,1.0,0.0035,0.0242,0.901282,iex_side_unstable
CVNA,10,10,5.0,4.998089,0.999618,5.0,0.0034,0.0035,1.014992,no_rebase_needed
CVS,10,10,1.0,0.869831,0.869831,1.0,0.0002,0.0006,0.864704,
CVX,10,10,1.0,0.851454,0.851454,1.0,0.0002,0.0015,0.869378,
CWB,10,10,0.999389,0.923786,0.924351,1.0,0.0032,0.0038,0.902784,
CWI,10,10,1.0,0.886735,0.886735,1.0,0.0012,0.0021,0.860093,
CXA,10,0,,,,,,,,no_seam_window
CZR,10,10,1.0,0.999933,0.999933,1.0,0.0007,0.0007,0.883771,no_rebase_needed
D,10,10,0.991669,0.829298,0.836265,1.0,0.0085,0.0006,0.836111,
DAL,10,10,1.0,0.970189,0.970189,1.0,0.0005,0.0006,0.846474,
DASH,10,10,1.000049,0.999969,0.99992,1.0,0.0014,0.0011,0.888067,no_rebase_needed
DBA,10,10,1.000467,0.882462,0.88205,1.0,0.0011,0.0018,0.898359,
DBB,10,10,1.000405,0.856722,0.856375,1.0,0.0013,0.0049,0.842738,
DBC,10,10,1.000193,0.870819,0.870651,1.0,0.0013,0.0017,0.891335,
DBE,10,10,1.0,0.864475,0.864475,1.0,0.0044,0.0068,0.892674,
DBI,10,10,1.0,0.886416,0.886416,1.0,0.0015,0.0018,0.809278,
DBO,10,10,1.0,0.876517,0.876517,1.0,0.0012,0.0014,0.895753,
DBP,10,10,1.0,0.891595,0.891595,1.0,0.0014,0.0058,0.929048,
DBS,10,10,0.998558,0.989229,0.990658,1.0,0.0121,0.0052,0.985434,pit_side_unstable
DBV,10,10,,,,,,,,no_overlap_with_yahoo
DBX,10,10,1.0,1.0,1.0,1.0,0.001,0.0011,0.938891,no_rebase_needed
DD,10,10,0.79651,0.307708,0.386321,0.8,0.0045,0.0007,0.358736,
DDM,10,10,2.0,0.964461,0.48223,2.0,0.0008,0.0308,0.459753,iex_side_unstable
DDOG,10,10,1.00003,0.999643,0.999612,1.0,0.001,0.0012,0.915301,no_rebase_needed
DE,10,10,0.999725,0.947182,0.947442,1.0,0.0005,0.0008,0.896233,
DECK,10,10,5.998089,1.00001,0.166721,6.0,0.0017,0.0011,0.15955,
DELL,10,10,1.0,0.912952,0.912952,1.0,0.0003,0.0006,0.866811,
DFS,10,10,,,,,,,,no_yahoo_history
DG,10,10,0.999948,0.931667,0.931716,1.0,0.0006,0.0004,0.900126,
DGAZ,10,0,,,,,,,,no_seam_window
DGL,10,10,1.0,0.990238,0.990238,1.0,0.0032,0.0109,1.000534,iex_side_unstable
DGLD,10,0,,,,,,,,no_seam_window
DGT,10,10,0.998805,0.892892,0.89396,1.0,0.0057,0.0074,0.873563,
DGX,10,10,0.999999,0.923083,0.923084,1.0,0.0004,0.0006,0.912252,
DHI,10,10,1.000003,0.959575,0.959572,1.0,0.0005,0.0005,0.900231,
DHR,10,10,1.127979,0.963422,0.854113,,0.0006,0.0008,0.824363,P_not_canonical
DIA,10,10,0.999864,0.929401,0.929527,1.0,0.0006,0.0014,0.907671,
DIDI,10,10,,,,,,,,no_yahoo_history
DIG,10,10,4.000971,0.92107,0.230212,4.0,0.0028,0.0077,0.237936,
DIS,10,10,0.999934,0.976904,0.976969,1.0,0.0006,0.0009,0.926601,
DISCA,10,10,,,,,,,,no_yahoo_history
DISCK,10,10,,,,,,,,no_yahoo_history
DISH,10,10,,,,,,,,no_yahoo_history
DJP,10,10,1.0,0.998702,0.998702,1.0,0.0014,0.0053,1.038462,no_rebase_needed
DKNG,10,10,1.0,0.999468,0.999468,1.0,0.0009,0.0016,0.87234,no_rebase_needed
DKS,10,10,0.999949,0.905646,0.905692,1.0,0.0009,0.0043,0.819229,
DLR,10,10,1.000073,0.864316,0.864252,1.0,0.0002,0.0095,0.84129,
DLTR,10,10,1.0,0.999968,0.999968,1.0,0.0003,0.0013,0.981389,no_rebase_needed
DNB,10,10,,,,,,,,no_yahoo_history
DNN,10,10,1.0,0.998543,0.998543,1.0,0.0161,0.0161,1.044828,pit_side_unstable;iex_side_unstable;no_rebase_needed
DNO,10,0,,,,,,,,no_seam_window
DNUT,10,10,0.999322,0.960471,0.961123,1.0,0.0015,0.0023,0.916379,
DOCU,10,10,1.000042,1.000053,1.000011,1.0,0.0012,0.0009,0.936361,no_rebase_needed
DOG,10,10,0.999708,0.869614,0.869869,1.0,0.0006,0.0063,0.890668,
DOIL,10,0,,,,,,,,no_seam_window
DOV,10,10,0.999777,0.950949,0.951161,1.0,0.0033,0.001,0.925793,
DOW,10,10,0.99966,0.797363,0.797634,1.0,0.0121,0.0005,0.786569,pit_side_unstable
DPK,10,0,,,,,,,,no_seam_window
DPZ,10,10,1.0,0.943302,0.943302,1.0,0.0007,0.0033,0.911317,
DRE,10,10,,,,,,,,no_yahoo_history
DRI,10,10,0.999931,0.873833,0.873894,1.0,0.0007,0.0006,0.77932,
DRN,10,10,0.999525,0.90253,0.902959,1.0,0.0021,0.0077,0.857352,
DRV,10,10,1.0,0.880524,0.880524,1.0,0.0014,0.0206,0.925432,iex_side_unstable
DSI,10,10,1.0,0.951075,0.951075,1.0,0.0007,0.0058,0.919055,
DSLV,10,0,,,,,,,,no_seam_window
DT,10,10,1.000225,1.000118,0.999894,1.0,0.0009,0.0022,0.965492,no_rebase_needed
DTE,10,10,0.999959,0.868414,0.868449,1.0,0.0002,0.0011,0.863117,
DUG,10,10,0.25,0.873986,3.495945,0.25,0.0014,0.021,3.385647,iex_side_unstable
DUK,10,10,1.0,0.856398,0.856398,1.0,0.0002,0.0005,0.86804,
DUST,10,10,0.009993,0.874089,87.467996,0.01,0.0028,0.0042,82.744716,
DVA,10,10,1.0,1.000067,1.000067,1.0,0.0006,0.0007,0.994821,no_rebase_needed
DVN,10,10,0.999832,0.833221,0.83336,1.0,0.0002,0.0171,0.82393,iex_side_unstable
DVY,10,10,1.0,0.855019,0.855019,1.0,0.0008,0.0026,0.842874,
DWAC,10,10,,,,,,,,no_yahoo_history
DWT,10,0,,,,,,,,no_seam_window
DWX,10,10,1.0,0.835205,0.835205,1.0,0.0001,0.0072,0.81565,
DXC,10,10,1.0,0.999696,0.999696,1.0,0.0006,0.001,0.964667,no_rebase_needed
DXCM,10,10,4.0,0.999776,0.249944,4.0,0.0017,0.0017,0.243787,
DXD,10,10,1.0,0.876736,0.876736,1.0,0.0012,0.0095,0.917628,
DZK,10,0,,,,,,,,no_seam_window
EA,10,10,,,,,,,,no_yahoo_history
EBAY,10,10,1.000091,0.927418,0.927334,1.0,0.0004,0.004,0.90983,
ECH,10,10,1.0,0.848069,0.848069,1.0,0.0044,0.0048,0.825278,
ECL,10,10,0.999734,0.954238,0.954492,1.0,0.001,0.0036,0.898741,
ED,10,10,1.0,0.871871,0.871871,1.0,0.0002,0.0008,0.874343,
EDC,10,10,1.0,0.900802,0.900802,1.0,0.0044,0.0043,0.802934,
EDZ,10,10,0.1,0.870777,8.707773,0.1,0.002,0.0054,9.698388,
EEM,10,10,1.000315,0.906854,0.906569,1.0,0.0007,0.0009,0.872429,
EEV,10,10,0.5,0.880376,1.760751,0.5,0.0041,0.0233,1.859963,iex_side_unstable
EFA,10,10,1.000067,0.883961,0.883902,1.0,0.0007,0.002,0.855976,
EFG,10,10,1.000364,0.932272,0.931933,1.0,0.0009,0.002,0.902117,
EFU,10,10,0.5,0.870212,1.740424,0.5,0.007,0.0434,1.814466,iex_side_unstable
EFV,10,10,1.000098,0.838371,0.838289,1.0,0.0013,0.0012,0.812898,
EFX,10,10,0.999744,0.969781,0.97003,1.0,0.0004,0.0007,0.927751,
EFZ,10,10,0.5,0.43142,0.862841,0.5,0.0001,0.0046,0.892548,
EGPT,10,10,1.0,0.930995,0.930995,1.0,0.0074,0.0249,0.903285,iex_side_unstable
EIX,10,10,1.0,0.825591,0.825591,1.0,0.0005,0.0008,0.833662,
EL,10,10,0.999828,0.936126,0.936288,1.0,0.0025,0.0009,0.865109,
ELAN,10,10,1.0,1.000282,1.000282,1.0,0.0008,0.0008,0.924866,no_rebase_needed
EMB,10,10,0.996783,0.815422,0.818053,1.0,0.0037,0.0006,0.809088,
EMN,10,10,0.999917,0.853237,0.853308,1.0,0.0007,0.0077,0.779535,
EMR,10,10,0.999946,0.922054,0.922104,1.0,0.0003,0.0007,0.922861,
ENPH,10,10,0.999878,0.999549,0.999671,1.0,0.0012,0.0012,1.004938,no_rebase_needed
EOG,10,10,0.999957,0.83336,0.833396,1.0,0.0014,0.0088,0.839772,
EPAM,10,10,0.999935,0.999808,0.999874,1.0,0.001,0.0021,0.880919,no_rebase_needed
EPP,10,10,1.000107,0.851288,0.851197,1.0,0.0012,0.0038,0.834893,
EQIX,10,10,0.995726,0.921785,0.925742,1.0,0.0017,0.0018,0.897959,
EQR,10,10,,,,,,,,no_yahoo_history
EQT,10,10,0.99981,0.942319,0.942498,1.0,0.0009,0.0008,0.948745,
EQWL,10,10,1.000061,0.917539,0.917483,1.0,0.0026,0.0147,0.895543,iex_side_unstable
EQWS,10,0,,,,,,,,no_seam_window
EROTF,10,0,,,,,,,,no_seam_window
ERTH,10,10,1.0,0.956309,0.956309,1.0,0.0009,0.0128,0.955183,iex_side_unstable
ERX,10,10,1.0,0.891783,0.891783,1.0,0.0015,0.0037,0.918041,
ERY,10,10,0.1,0.880902,8.809022,0.1,0.0029,0.004,8.548414,
ES,10,10,0.99211,0.846717,0.853451,1.0,0.0082,0.0004,0.85421,
ESS,10,10,1.0,0.861841,0.861841,1.0,0.0006,0.0011,0.869703,
ESTC,10,10,1.000179,0.999922,0.999743,1.0,0.003,0.0017,0.956107,no_rebase_needed
ET,10,10,1.0,0.72008,0.72008,1.0,0.002,0.0021,0.713788,
ETN,10,10,0.999967,0.94922,0.949252,1.0,0.0004,0.006,0.919594,
ETR,10,10,2.000379,0.86609,0.432963,2.0,0.0007,0.0008,0.431768,
ETRN,10,10,,,,,,,,no_yahoo_history
ETSY,10,10,0.999967,0.999929,0.999962,1.0,0.0013,0.0004,0.907165,no_rebase_needed
EUM,10,10,0.5,0.883424,1.766849,0.5,0.0009,0.0143,1.8152,iex_side_unstable
EVRG,10,10,0.990842,0.84903,0.856878,1.0,0.0014,0.0007,0.856555,
EVX,10,10,4.996062,0.98246,0.196647,5.0,0.0156,0.0092,0.192717,pit_side_unstable
EW,10,10,0.999908,1.000049,1.000141,1.0,0.0005,0.0008,0.98038,no_rebase_needed
EWA,10,10,1.0,0.854397,0.854397,1.0,0.0009,0.001,0.838238,
EWC,10,10,0.999867,0.919635,0.919757,1.0,0.0013,0.0011,0.90849,
EWD,10,10,1.0,0.896749,0.896749,1.0,0.0012,0.0037,0.863544,
EWG,10,10,1.000325,0.905791,0.905498,1.0,0.0011,0.0022,0.868941,
EWH,10,10,1.000438,0.847873,0.847502,1.0,0.0009,0.0014,0.819294,
EWI,10,10,0.999686,0.859394,0.859664,1.0,0.0012,0.0029,0.831798,
EWJ,10,10,0.999921,0.903944,0.904015,1.0,0.0003,0.0011,0.87103,
EWK,10,10,1.0,0.906542,0.906542,1.0,0.003,0.0087,0.868401,
EWL,10,10,1.000208,0.921231,0.92104,1.0,0.0009,0.0021,0.886075,
EWM,10,10,1.0,0.872491,0.872491,1.0,0.0009,0.0027,0.84666,
EWN,10,10,1.000805,0.897229,0.896507,1.0,0.0019,0.0031,0.863436,
EWO,10,10,1.0,0.815281,0.815281,1.0,0.0034,0.0097,0.766457,
EWP,10,10,1.0,0.881355,0.881355,1.0,0.0009,0.0037,0.852228,
EWQ,10,10,0.999864,0.887461,0.887582,1.0,0.0018,0.0025,0.854758,
EWS,10,10,0.999515,0.83709,0.837496,1.0,0.0016,0.0025,0.822859,
EWT,10,10,0.999921,0.688991,0.689045,1.0,0.0018,0.0007,0.654016,
EWU,10,10,1.0,0.856491,0.856491,1.0,0.0015,0.0013,0.838678,
EWV,10,10,0.25,0.904431,3.617723,0.25,0.0096,0.0298,3.769126,iex_side_unstable
EWW,10,10,1.000201,0.873534,0.873359,1.0,0.0009,0.0029,0.837497,
EWX,10,10,1.0,0.893622,0.893622,1.0,0.0028,0.0051,0.873405,
EWY,10,10,1.000344,0.919305,0.918989,1.0,0.0012,0.0015,0.879498,
EWZ,10,10,1.000147,0.733509,0.733401,1.0,0.0013,0.0013,0.70642,
EXC,10,10,1.0,0.865851,0.865851,1.0,0.008,0.0005,0.856853,
EXI,10,10,1.0,0.937551,0.937551,1.0,0.0011,0.0052,0.939241,
EXPD,10,10,1.0,0.953097,0.953097,1.0,0.0009,0.0006,0.956219,
EXPE,10,10,1.0,0.99006,0.99006,1.0,0.0012,0.0005,0.882001,
EXR,10,10,0.999925,0.841696,0.841759,1.0,0.001,0.0081,0.83638,
EZA,10,10,0.999812,0.818922,0.819076,1.0,0.0014,0.0017,0.793412,
EZU,10,10,1.0,0.893616,0.893616,1.0,0.0007,0.0028,0.860003,
F,10,10,1.0,0.759091,0.759091,1.0,0.0017,0.0013,0.71954,
FANG,10,10,0.995757,0.824281,0.827793,1.0,0.0045,0.0005,0.804368,
FAS,10,10,1.000084,0.877466,0.877392,1.0,0.0053,0.0047,0.776371,
FAST,10,10,2.000385,0.90549,0.452658,2.0,0.0002,0.0006,0.454212,
FAZ,10,10,0.1,0.874415,8.744146,0.1,0.004,0.0129,9.72762,iex_side_unstable
FB,10,10,,,,,,,,no_yahoo_history
FBHS,10,10,,,,,,,,no_yahoo_history
FCX,10,10,1.0,0.942275,0.942275,1.0,0.0004,0.0004,0.886147,
FDS,10,10,0.99945,0.959702,0.96023,1.0,0.0022,0.001,0.95909,
FDX,10,10,1.23688,1.139512,0.921279,,0.001,0.0002,0.860493,P_not_canonical
FE,10,10,1.0,0.84882,0.84882,1.0,0.0003,0.0003,0.882463,
FEZ,10,10,0.999887,0.886229,0.886329,1.0,0.0013,0.0037,0.853086,
FFIV,10,10,0.999949,1.000184,1.000235,1.0,0.0012,0.0008,0.972791,no_rebase_needed
FIGS,10,10,1.000305,1.0,0.999695,1.0,0.0008,0.0011,1.008178,no_rebase_needed
FIS,10,10,1.0,0.901803,0.901803,1.0,0.0005,0.0053,0.86383,
FISV,10,10,1.0,0.999841,0.999841,1.0,0.0004,0.0005,0.975231,no_rebase_needed
FITB,10,10,1.0,0.854849,0.854848,1.0,0.0002,0.0007,0.805433,
FIVE,10,10,0.999937,1.000094,1.000156,1.0,0.0011,0.0012,0.970317,no_rebase_needed
FL,10,10,,,,,,,,no_yahoo_history
FLR,10,10,1.0,1.000173,1.000173,1.0,0.001,0.0008,1.127986,no_rebase_needed
FLS,10,10,1.0,0.919045,0.919045,1.0,0.0004,0.0006,0.92749,
FLT,10,10,,,,,,,,no_yahoo_history
FMC,10,10,0.999915,0.872129,0.872203,1.0,0.0007,0.0006,0.855442,
FMCC,10,0,,,,,,,,no_seam_window
FNIO,10,0,,,,,,,,no_seam_window
FNMA,10,0,,,,,,,,no_seam_window
FOX,10,10,0.994439,0.945127,0.950412,1.0,0.0066,0.0011,0.920484,
FOXA,10,10,0.99444,0.949342,0.95465,1.0,0.0059,0.0007,0.925095,
FRC,10,10,,,,,,,,no_yahoo_history
FRT,10,10,1.0,0.840468,0.840468,1.0,0.0007,0.0098,0.812534,
FSLR,10,10,0.99993,1.000063,1.000133,1.0,0.0014,0.0005,1.043569,no_rebase_needed
FSLY,10,10,1.0,1.0,1.0,1.0,0.0001,0.0008,0.973359,no_rebase_needed
FTCH,10,10,,,,,,,,no_yahoo_history
FTI,10,10,1.0,0.980735,0.980735,1.0,0.003,0.0015,1.008529,
FTNT,10,10,5.0,1.000054,0.200011,5.0,0.0011,0.0007,0.173693,
FTV,10,10,1.326687,0.873483,0.658394,1.3333333333333333,0.0011,0.0004,0.62742,
FUBO,10,10,0.083333,0.998659,11.983912,0.08333333333333333,0.0024,0.0017,11.869742,
FXA,10,10,1.0,0.960008,0.960008,1.0,0.0007,0.0048,0.952554,
FXB,10,10,1.0,0.912243,0.912243,1.0,0.0001,0.0047,0.906164,
FXC,10,10,1.0,0.950365,0.950365,1.0,0.0004,0.0028,0.945438,
FXCH,10,0,,,,,,,,no_seam_window
FXE,10,10,1.0,0.95245,0.95245,1.0,0.0001,0.0024,0.947536,
FXF,10,10,1.0,0.999378,0.999378,1.0,0.0001,0.0032,0.990506,no_rebase_needed
FXI,10,10,1.000564,0.910429,0.909916,1.0,0.0018,0.0015,0.875507,
FXP,10,10,0.5,0.871909,1.743818,0.5,0.002,0.0418,1.87069,iex_side_unstable
FXS,10,0,,,,,,,,no_seam_window
FXY,10,10,1.0,1.000252,1.000252,1.0,0.0002,0.0012,0.99204,no_rebase_needed
GAF,10,0,,,,,,,,no_seam_window
GASL,10,0,,,,,,,,no_seam_window
GASX,10,0,,,,,,,,no_seam_window
GAZ,10,10,,,,,,,,no_overlap_with_yahoo
GBBEF,10,0,,,,,,,,no_seam_window
GBF,10,10,0.999109,0.876059,0.87684,1.0,0.0016,0.002,0.866177,
GD,10,10,0.999954,0.919343,0.919386,1.0,0.0003,0.0004,0.926482,
GDDY,10,10,1.0,1.000128,1.000128,1.0,0.0008,0.0006,0.953292,no_rebase_needed
GDRX,10,10,1.0,1.0,1.0,1.0,0.0018,0.0009,0.902194,no_rebase_needed
GDX,10,10,0.999717,0.949478,0.949747,1.0,0.0006,0.0007,0.974248,
GDXJ,10,10,1.00011,0.942232,0.942128,1.0,0.0017,0.0019,0.961592,
GE,10,10,1.605093,0.976584,0.608428,,0.0003,0.0006,0.582597,P_not_canonical
GERJ,10,0,,,,,,,,no_seam_window
GFS,10,10,1.000189,0.999693,0.999504,1.0,0.002,0.0021,0.917133,no_rebase_needed
GH,10,10,1.000152,0.999557,0.999405,1.0,0.0009,0.0019,0.924737,no_rebase_needed
GII,10,10,1.0,0.877313,0.877313,1.0,0.0004,0.0085,0.865549,
GILD,10,10,1.000081,0.861595,0.861525,1.0,0.0007,0.0131,0.833931,iex_side_unstable
GIS,10,10,1.0,0.864816,0.864816,1.0,0.0002,0.0004,0.8591,
GL,10,10,1.000048,0.966752,0.966706,1.0,0.0005,0.0007,0.9375,
GLBR,10,0,,,,,,,,no_seam_window
GLCN,10,10,,,,,,,,no_overlap_with_yahoo
GLD,10,10,1.0,0.999973,0.999974,1.0,0.0003,0.0005,1.01497,no_rebase_needed
GLIN,10,10,0.999863,0.935003,0.935131,1.0,0.0099,0.0084,0.945253,
GLL,10,10,0.25,0.999823,3.999293,0.25,0.0002,0.0052,3.881394,
GLW,10,10,0.999751,0.89748,0.897704,1.0,0.0071,0.0007,0.861334,
GM,10,10,1.0,0.962546,0.962546,1.0,0.0006,0.0005,0.903945,
GME,10,10,4.000507,1.000418,0.250073,4.0,0.0015,0.0011,0.222319,
GMF,10,10,1.0,0.9141,0.9141,1.0,0.0009,0.011,0.885994,iex_side_unstable
GML,10,0,,,,,,,,no_seam_window
GNR,10,10,1.000674,0.859662,0.859083,1.0,0.0019,0.0026,0.854342,
GNRC,10,10,1.000253,1.000016,0.999763,1.0,0.0011,0.0013,0.983117,no_rebase_needed
GOLD,10,10,0.646438,0.674369,1.043207,,0.073,0.0842,1.026848,P_not_canonical;pit_side_unstable;iex_side_unstable
GOOG,10,10,20.001069,0.991863,0.049591,20.0,0.0005,0.0016,0.047474,
GOOGL,10,10,20.001779,0.991317,0.049561,20.0,0.0008,0.001,0.0475,
GOOS,10,10,1.000176,1.0,0.999824,1.0,0.0008,0.0014,0.900374,no_rebase_needed
GPC,10,10,0.992932,0.893965,0.900328,1.0,0.0069,0.0006,0.864865,
GPN,10,10,1.000036,0.960705,0.96067,1.0,0.0008,0.0026,0.918743,
GPRO,10,10,1.0,1.0,1.0,1.0,0.0013,0.0026,0.929612,no_rebase_needed
GPS,10,10,,,,,,,,no_yahoo_history
GRMN,10,10,0.999909,0.913032,0.913115,1.0,0.0004,0.0065,0.894625,
GRPN,10,10,1.0,1.0,1.0,1.0,0.0018,0.0022,0.998825,no_rebase_needed
GRUB,10,5,,,,,,,,no_yahoo_history
GS,10,10,0.994586,0.904494,0.909417,1.0,0.0064,0.0009,0.882794,
GSG,10,10,1.0,1.000461,1.000461,1.0,0.0006,0.0015,1.028465,no_rebase_needed
GSK,10,10,0.999883,1.070251,1.070377,1.0,0.0147,0.0007,1.051522,pit_side_unstable
GSKY,10,10,,,,,,,,no_yahoo_history
GSP,10,10,1.000101,0.999134,0.999033,1.0,0.0038,0.0056,1.03723,no_rebase_needed
GT,10,10,1.0,1.0,1.0,1.0,0.0013,0.0008,0.875834,no_rebase_needed
GTLB,10,10,0.999735,1.0,1.000266,1.0,0.0015,0.0028,0.846652,no_rebase_needed
GUR,10,0,,,,,,,,no_seam_window
GVI,10,10,0.998831,0.888403,0.889443,1.0,0.0013,0.0015,0.881577,
GWW,10,10,0.999725,0.962171,0.962435,1.0,0.0007,0.0019,0.967604,
GWX,10,10,1.0,0.894845,0.894845,1.0,0.0001,0.0026,0.869738,
GXC,10,10,1.0,0.891774,0.891774,1.0,0.0034,0.0028,0.861752,
HAL,10,10,0.996781,0.919633,0.922602,1.0,0.0037,0.0006,0.976761,
HAP,10,10,1.0,0.89103,0.89103,1.0,0.0026,0.0147,0.886192,iex_side_unstable
HAS,10,10,1.0,0.843129,0.843129,1.0,0.0005,0.0008,0.812528,
HBAN,10,10,1.0,0.823828,0.823828,1.0,0.0013,0.01,0.786732,
HBI,10,10,,,,,,,,no_yahoo_history
HCA,10,10,0.999963,0.964989,0.965024,1.0,0.0008,0.0025,0.944604,
HCAT,10,10,1.0,1.0,1.0,1.0,0.0026,0.0014,0.983327,no_rebase_needed
HD,10,10,1.0,0.902517,0.902517,1.0,0.0006,0.0062,0.893775,
HES,10,10,,,,,,,,no_yahoo_history
HFC,10,6,,,,,,,,no_yahoo_history
HIG,10,10,0.997476,0.923749,0.926087,1.0,0.0054,0.0006,0.895138,
HII,10,10,0.999902,0.917266,0.917355,1.0,0.0065,0.0009,0.920108,
HLF,10,10,1.0,0.999574,0.999574,1.0,0.0008,0.0018,0.999434,no_rebase_needed
HLT,10,10,1.000033,0.987022,0.986989,1.0,0.0006,0.001,0.925361,
HNST,10,10,1.0,0.999558,0.999558,1.0,0.0019,0.0042,0.950459,no_rebase_needed
HOG,10,10,0.999358,0.914721,0.915309,1.0,0.0041,0.0009,0.860768,
HOLX,10,10,,,,,,,,no_yahoo_history
HON,10,10,1.011581,0.876227,0.866195,,0.0055,0.0006,0.84177,P_not_canonical
HOOD,10,10,1.000416,1.0,0.999584,1.0,0.0017,0.0027,1.041021,no_rebase_needed
HP,10,10,1.0,0.854144,0.854144,1.0,0.0003,0.0005,0.910438,
HPE,10,10,0.999411,0.892339,0.892865,1.0,0.0014,0.0085,0.849995,
HPQ,10,10,1.0,0.857382,0.857382,1.0,0.0007,0.0063,0.835346,
HRB,10,10,1.0,0.884123,0.884123,1.0,0.0008,0.0012,0.834105,
HRI,10,10,0.999475,0.927217,0.927704,1.0,0.0018,0.0015,0.8558,
HRL,10,10,1.0,0.875177,0.875177,1.0,0.0004,0.0006,0.883257,
HSIC,10,10,0.999825,0.999882,1.000057,1.0,0.0005,0.0007,0.999195,no_rebase_needed
HST,10,10,1.0,0.826862,0.826862,1.0,0.0017,0.0011,0.79381,
HSY,10,10,1.000049,0.903616,0.903571,1.0,0.0001,0.0007,0.905869,
HTZ,10,10,1.0,1.0,1.0,1.0,0.0016,0.002,0.950469,no_rebase_needed
HUM,10,10,1.0,0.956491,0.956491,1.0,0.0007,0.001,0.925642,
HYG,10,10,0.99649,0.794135,0.796932,1.0,0.0038,0.0002,0.787089,
IAI,10,10,1.00005,0.931926,0.931879,1.0,0.0005,0.011,0.897522,iex_side_unstable
IAK,10,10,1.0,0.921633,0.921633,1.0,0.0015,0.0096,0.897297,
IAT,10,10,0.999922,0.869018,0.869086,1.0,0.0009,0.0166,0.834245,iex_side_unstable
IAU,10,10,1.0,1.0002,1.0002,1.0,0.0006,0.0007,1.014836,no_rebase_needed
IBB,10,10,1.0,0.987854,0.987854,1.0,0.0017,0.001,0.971949,
IBKR,10,10,3.995638,0.978338,0.244852,4.0,0.0016,0.0006,0.238125,
IBM,10,10,0.99996,0.858517,0.858551,1.0,0.0006,0.0004,0.854627,
IBND,10,10,0.999697,0.921747,0.922027,1.0,0.0015,0.0038,0.90946,
ICE,10,10,1.0,0.945133,0.945133,1.0,0.0002,0.0032,0.922301,
ICF,10,10,0.999775,0.893214,0.893415,1.0,0.0005,0.0097,0.879426,
ICITF,10,0,,,,,,,,no_seam_window
IDHQ,10,10,1.0,0.891564,0.891564,1.0,0.0022,0.0193,0.880205,iex_side_unstable
IDU,10,10,1.00018,0.901594,0.901432,1.0,0.0015,0.0087,0.902954,
IDV,10,10,1.0,0.768982,0.768982,1.0,0.001,0.0011,0.751046,
IDX,10,10,1.000246,0.87617,0.875954,1.0,0.0026,0.0069,0.865649,
IDXX,10,10,1.000646,0.99997,0.999325,1.0,0.0011,0.0018,0.965053,no_rebase_needed
IEF,10,10,0.999233,0.882082,0.882759,1.0,0.0012,0.0005,0.878839,
IEI,10,10,0.999522,0.897305,0.897734,1.0,0.0006,0.0004,0.894689,
IEO,10,10,1.000251,0.88098,0.880758,1.0,0.0012,0.0042,0.875963,
IEUS,10,10,1.0,0.885486,0.885486,1.0,0.0004,0.007,0.852461,
IEV,10,10,1.000308,0.889635,0.889361,1.0,0.0004,0.0033,0.861333,
IEX,10,10,0.999764,0.948362,0.948586,1.0,0.0008,0.0009,0.929951,
IEZ,10,10,1.0,0.944872,0.944872,1.0,0.0007,0.0055,1.011746,
IFAS,10,0,,,,,,,,no_seam_window
IFEU,10,0,,,,,,,,no_seam_window
IFF,10,10,0.999964,0.889297,0.889329,1.0,0.0005,0.0007,0.835639,
IFGL,10,10,1.0,0.874665,0.874665,1.0,0.003,0.0108,0.863948,iex_side_unstable
IFNA,10,0,,,,,,,,no_seam_window
IGE,10,10,1.000127,0.891907,0.891794,1.0,0.0008,0.0013,0.896007,
IGF,10,10,1.000317,0.881936,0.881657,1.0,0.0018,0.0031,0.869689,
IGM,10,10,6.0,0.98517,0.164195,6.0,0.0008,0.0073,0.157138,
IGN,10,10,1.0,0.996288,0.996288,1.0,0.0003,0.0108,0.967468,iex_side_unstable
IGV,10,10,4.999628,0.99965,0.199945,5.0,0.0012,0.0009,0.19138,
IHE,10,10,2.999999,0.927664,0.309222,3.0,0.0013,0.0053,0.325114,
IHF,10,10,4.999726,0.963013,0.192613,5.0,0.0008,0.0163,0.18839,iex_side_unstable
IHI,10,10,1.0,0.981059,0.981059,1.0,0.0006,0.0009,0.957156,
IJH,10,10,4.999812,0.939274,0.187862,5.0,0.0003,0.001,0.180793,
IJJ,10,10,0.99981,0.923843,0.924019,1.0,0.0012,0.013,0.892579,iex_side_unstable
IJK,10,10,1.000327,0.961184,0.96087,1.0,0.0009,0.0062,0.921557,
IJR,10,10,1.000141,0.936334,0.936201,1.0,0.0006,0.0012,0.915339,
IJS,10,10,0.999851,0.933521,0.93366,1.0,0.001,0.0064,0.915629,
IJT,10,10,1.00028,0.957417,0.957149,1.0,0.0023,0.0027,0.933499,
ILB,10,0,,,,,,,,no_seam_window
ILCB,10,10,1.000584,0.942885,0.942335,1.0,0.0013,0.0198,0.921526,iex_side_unstable
ILCG,10,10,1.000082,0.974215,0.974135,1.0,0.0007,0.0098,0.937979,
ILCV,10,10,1.0,0.912538,0.912538,1.0,0.0016,0.0119,0.893093,iex_side_unstable
ILF,10,10,1.0,0.754608,0.754608,1.0,0.0012,0.001,0.72891,
ILMN,10,10,1.028095,0.998926,0.971628,,0.0012,0.0017,0.951016,P_not_canonical
ILTB,10,10,0.997411,0.833164,0.835327,1.0,0.0028,0.0039,0.822342,
IMCB,10,10,1.0,0.933996,0.933996,1.0,0.0003,0.0144,0.918116,iex_side_unstable
IMCG,10,10,0.999843,0.964469,0.96462,1.0,0.0019,0.0132,0.936668,iex_side_unstable
IMCV,10,10,1.0,0.906663,0.906663,1.0,0.0001,0.0056,0.878209,
INCY,10,10,1.000072,1.000068,0.999996,1.0,0.0005,0.0005,1.007564,no_rebase_needed
INDL,10,10,1.000098,0.939828,0.939736,1.0,0.0037,0.0058,0.878832,
INFO,10,10,,,,,,,,no_yahoo_history
INMD,10,10,1.0,0.999736,0.999736,1.0,0.0021,0.0033,0.918097,no_rebase_needed
INPTF,10,0,,,,,,,,no_seam_window
INSD,10,0,,,,,,,,no_seam_window
INTC,10,10,1.00021,0.934085,0.93389,1.0,0.0006,0.0005,0.92574,
INTU,10,10,1.000011,0.973496,0.973486,1.0,0.0011,0.0014,0.914784,
INY,10,0,,,,,,,,no_seam_window
IOO,10,10,1.000135,0.945457,0.945329,1.0,0.0016,0.0046,0.92108,
IP,10,10,1.0,0.836665,0.836665,1.0,0.0003,0.0003,0.811983,
IPAL,10,0,,,,,,,,no_seam_window
IPD,10,0,,,,,,,,no_seam_window
IPF,10,0,,,,,,,,no_seam_window
IPG,10,10,,,,,,,,no_yahoo_history
IPGP,10,10,0.999922,0.99991,0.999988,1.0,0.0008,0.0013,1.008364,no_rebase_needed
IPK,10,0,,,,,,,,no_seam_window
IPLT,10,0,,,,,,,,no_seam_window
IPN,10,0,,,,,,,,no_seam_window
IPS,10,0,,,,,,,,no_seam_window
IPU,10,0,,,,,,,,no_seam_window
IPW,10,10,,,,,,,,no_overlap_with_yahoo
IQ,10,10,1.0,0.998786,0.998786,1.0,0.0051,0.0112,1.003513,iex_side_unstable;no_rebase_needed
IQV,10,10,1.0,1.000068,1.000068,1.0,0.0012,0.0011,0.955032,no_rebase_needed
IR,10,10,1.0,0.995367,0.995367,1.0,0.0006,0.0007,0.964352,
IRM,10,10,1.0,0.856532,0.856532,1.0,0.0011,0.0132,0.833589,iex_side_unstable
IRV,10,0,,,,,,,,no_seam_window
IRY,10,0,,,,,,,,no_seam_window
ISCB,10,10,,,,,,,,no_overlap_with_yahoo
ISCG,10,10,1.0,0.967306,0.967306,1.0,0.0008,0.0244,0.950691,iex_side_unstable
ISCV,10,10,1.0,0.915588,0.915588,1.0,0.0014,0.0153,0.901952,iex_side_unstable
ISRG,10,10,1.000243,1.000053,0.99981,1.0,0.0014,0.0009,0.967358,no_rebase_needed
IST,10,0,,,,,,,,no_seam_window
IT,10,10,1.000018,1.000121,1.000103,1.0,0.0009,0.0011,0.954938,no_rebase_needed
ITA,10,10,1.0,0.964392,0.964392,1.0,0.001,0.0025,0.944677,
ITB,10,10,1.000078,0.962095,0.96202,1.0,0.0012,0.0022,0.910512,
ITOT,10,10,1.0,0.942013,0.942013,1.0,0.0007,0.0023,0.915092,
ITW,10,10,0.999884,0.909221,0.909327,1.0,0.0009,0.0013,0.886196,
IUSG,10,10,1.000101,0.964298,0.964201,1.0,0.0011,0.0028,0.928197,
IUSV,10,10,1.000202,0.916954,0.916768,1.0,0.0008,0.0089,0.902552,
IVE,10,10,1.0,0.922144,0.922144,1.0,0.0002,0.0008,0.902102,
IVV,10,10,1.000012,0.940501,0.94049,1.0,0.0007,0.0015,0.913345,
IVW,10,10,1.0,0.970549,0.970549,1.0,0.0007,0.0024,0.934932,
IVZ,10,10,1.0,0.832821,0.832821,1.0,0.0,0.0011,0.819173,
IWB,10,10,1.0,0.94645,0.94645,1.0,0.0002,0.0015,0.91766,
IWC,10,10,1.000751,0.951801,0.951087,1.0,0.0023,0.0054,0.939227,
IWD,10,10,1.0,0.919562,0.919562,1.0,0.0002,0.0015,0.898751,
IWF,10,10,4.000226,3.896824,0.974151,4.0,0.0004,0.0015,0.935789,
IWM,10,10,0.99995,0.947319,0.947366,1.0,0.001,0.0012,0.924101,
IWN,10,10,0.999968,0.920907,0.920936,1.0,0.0007,0.0016,0.90265,
IWO,10,10,1.000306,0.970628,0.970331,1.0,0.0014,0.0015,0.942589,
IWP,10,10,1.0,0.978084,0.978084,1.0,0.0006,0.003,0.935797,
IWR,10,10,1.000132,0.941684,0.94156,1.0,0.0004,0.0016,0.909749,
IWS,10,10,1.000043,0.930071,0.930031,1.0,0.0006,0.001,0.902407,
IWV,10,10,0.999898,0.948262,0.948358,1.0,0.0009,0.0017,0.919436,
IXC,10,10,1.0,0.849574,0.849574,1.0,0.001,0.0019,0.862657,
IXG,10,10,1.00025,0.891755,0.891532,1.0,0.0028,0.0045,0.859093,
IXJ,10,10,1.000121,0.946273,0.946158,1.0,0.002,0.0062,0.928877,
IXN,10,10,0.99991,0.972046,0.972134,1.0,0.0016,0.0042,0.938497,
IXP,10,10,1.000138,0.936205,0.936075,1.0,0.0054,0.0173,0.911334,iex_side_unstable
IYC,10,10,1.000272,0.97462,0.974355,1.0,0.0006,0.0166,0.929988,iex_side_unstable
IYE,10,10,1.000125,0.880073,0.879963,1.0,0.0008,0.0014,0.893469,
IYF,10,10,1.000119,0.931733,0.931622,1.0,0.0005,0.0054,0.897172,
IYG,10,10,3.0,0.934227,0.311409,3.0,0.0004,0.0166,0.296431,iex_side_unstable
IYH,10,10,5.000278,0.948854,0.18976,5.0,0.0011,0.0082,0.186573,
IYJ,10,10,1.0,0.95931,0.95931,1.0,0.0005,0.0163,0.930058,iex_side_unstable
IYK,10,10,3.000523,0.898974,0.299606,3.0,0.0014,0.0092,0.293896,
IYM,10,10,1.00015,0.929188,0.929049,1.0,0.0007,0.0158,0.902093,iex_side_unstable
IYR,10,10,1.000441,0.895604,0.895209,1.0,0.0009,0.0007,0.877118,
IYT,10,10,4.000705,0.94874,0.237143,4.0,0.0012,0.0023,0.227245,
IYW,10,10,1.0,0.98653,0.98653,1.0,0.0005,0.0022,0.947338,
IYY,10,10,1.0,0.948922,0.948922,1.0,0.0004,0.0091,0.919579,
IYZ,10,10,1.0,0.90937,0.90937,1.0,0.0007,0.0029,0.89462,
IZRL,10,10,1.0,0.969738,0.969738,1.0,0.0034,0.0085,0.957423,
J,10,10,1.208922,0.923941,0.764268,1.2,0.0027,0.0011,0.733661,
JBHT,10,10,1.000333,0.961896,0.961575,1.0,0.001,0.0009,0.943685,
JBLU,10,10,1.0,1.000348,1.000348,1.0,0.0014,0.0016,0.868381,no_rebase_needed
JCI,10,10,1.0,0.927192,0.927192,1.0,0.0002,0.001,0.888732,
JD,10,10,1.0,0.908988,0.908988,1.0,0.0012,0.0008,0.864148,
JEF,10,10,1.046,0.926426,0.885684,,0.0006,0.001,0.817623,P_not_canonical
JJATF,10,0,,,,,,,,no_seam_window
JJCTF,10,0,,,,,,,,no_seam_window
JJETF,10,0,,,,,,,,no_seam_window
JJGTF,10,0,,,,,,,,no_seam_window
JJMTF,10,0,,,,,,,,no_seam_window
JJNTF,10,0,,,,,,,,no_seam_window
JKHY,10,10,1.0,0.950456,0.950456,1.0,0.0009,0.0011,0.940947,
JMIA,10,10,1.0,1.0,1.0,1.0,0.0014,0.0002,0.971033,no_rebase_needed
JNJ,10,10,1.0,0.890873,0.890873,1.0,0.0006,0.0005,0.905168,
JNK,10,10,0.996192,0.771704,0.774653,1.0,0.0041,0.0004,0.764459,
JNPR,10,10,,,,,,,,no_yahoo_history
JPM,10,10,0.999964,0.901122,0.901155,1.0,0.0009,0.0005,0.867062,
JPP,10,0,,,,,,,,no_seam_window
JPXN,10,10,1.000076,0.909998,0.909929,1.0,0.0117,0.0116,0.865574,pit_side_unstable;iex_side_unstable
JSC,10,0,,,,,,,,no_seam_window
JWN,10,10,,,,,,,,no_yahoo_history
JXI,10,10,1.0,0.883556,0.883556,1.0,0.0043,0.0046,0.888067,
JYNFF,10,0,,,,,,,,no_seam_window
K,10,10,,,,,,,,no_yahoo_history
KBE,10,10,0.999912,0.886965,0.887044,1.0,0.0004,0.001,0.850293,
KBR,10,10,1.0,0.955471,0.955471,1.0,0.0004,0.0027,0.927462,
KCE,10,10,1.0,0.920502,0.920502,1.0,0.0007,0.0067,0.881847,
KD,10,10,1.0,0.999143,0.999143,1.0,0.0013,0.001,0.953665,no_rebase_needed
KDP,10,10,1.0,0.892491,0.892491,1.0,0.0003,0.0007,0.87557,
KEX,10,10,1.0,0.999932,0.999932,1.0,0.0008,0.0009,0.988104,no_rebase_needed
KEY,10,10,0.996276,0.811714,0.814748,1.0,0.008,0.0009,0.773346,
KEYS,10,10,1.000063,0.9999,0.999836,1.0,0.0005,0.0007,0.968155,no_rebase_needed
KHC,10,10,1.0,0.822472,0.822472,1.0,0.0003,0.0112,0.81994,iex_side_unstable
KIE,10,10,1.000254,0.930806,0.93057,1.0,0.0013,0.002,0.905527,
KIM,10,10,1.0,0.831143,0.831143,1.0,0.0009,0.008,0.805988,
KLAC,10,10,10.000279,9.606488,0.960622,10.0,0.001,0.001,0.907914,
KMB,10,10,0.991076,0.858895,0.866629,1.0,0.009,0.0005,0.851215,
KME,10,0,,,,,,,,no_seam_window
KMI,10,10,1.0,0.802171,0.802171,1.0,0.0006,0.0005,0.797453,
KMX,10,10,1.000047,1.000149,1.000103,1.0,0.0006,0.0009,0.970503,no_rebase_needed
KNOW,10,10,,,,,,,,no_yahoo_history
KNX,10,10,0.997834,0.952972,0.95504,1.0,0.0027,0.0009,0.908346,
KO,10,10,1.0,0.885003,0.885003,1.0,0.0004,0.0076,0.860691,
KOL,10,0,,,,,,,,no_seam_window
KR,10,10,1.0,0.916984,0.916984,1.0,0.0007,0.0004,0.899716,
KRE,10,10,1.0,0.88701,0.88701,1.0,0.0004,0.0006,0.850159,
KRTX,10,10,,,,,,,,no_yahoo_history
KSS,10,10,1.000172,0.745516,0.745389,1.0,0.001,0.0099,0.648744,
KWT,10,10,,,,,,,,no_overlap_with_yahoo
KXI,10,10,0.999918,0.906754,0.906828,1.0,0.0027,0.0063,0.88087,
L,10,10,1.0,0.986511,0.986511,1.0,0.0009,0.0008,0.967226,
LATM,10,0,,,,,,,,no_seam_window
LBJ,10,0,,,,,,,,no_seam_window
LBTYA,10,10,1.941,0.999847,0.51512,,0.0008,0.0017,0.498794,P_not_canonical
LBTYK,10,10,1.91,0.999638,0.523371,,0.0012,0.0005,0.506481,P_not_canonical
LC,10,10,,,,,,,,no_yahoo_history
LCID,10,10,0.1,1.000422,10.004222,0.1,0.0013,0.0014,10.238621,
LCPR,10,0,,,,,,,,no_seam_window
LDOS,10,10,0.999952,0.94976,0.949806,1.0,0.0006,0.0038,0.940749,
LEG,10,10,,,,,,,,no_yahoo_history
LEN,10,10,1.033056,0.888644,0.860209,,0.0005,0.0006,0.803405,P_not_canonical
LEVI,10,10,1.0,0.891799,0.891799,1.0,0.0011,0.0007,0.817038,
LH,10,10,1.164,0.928073,0.797314,,0.0003,0.0008,0.790604,P_not_canonical
LHCG,10,10,,,,,,,,no_yahoo_history
LHX,10,10,0.999978,0.920903,0.920924,1.0,0.0009,0.0047,0.931651,
LIN,10,10,1.0,0.943881,0.943881,1.0,0.0004,0.0045,0.905297,
LKQ,10,10,0.994763,0.897218,0.901942,1.0,0.0056,0.0009,0.855612,
LLY,10,10,0.999941,0.966005,0.966062,1.0,0.0006,0.0006,0.961557,
LMT,10,10,0.996732,0.899294,0.902242,1.0,0.0071,0.0005,0.915006,
LNC,10,10,0.999928,0.799798,0.799855,1.0,0.0004,0.0006,0.754248,
LNT,10,10,1.0,0.875781,0.87578,1.0,0.0006,0.0004,0.878114,
LOW,10,10,1.000047,0.924246,0.924203,1.0,0.0008,0.001,0.917298,
LPAL,10,0,,,,,,,,no_seam_window
LPLT,10,0,,,,,,,,no_seam_window
LQD,10,10,0.998023,0.848364,0.850045,1.0,0.0025,0.0004,0.837756,
LRCX,10,10,10.003266,0.955282,0.095497,10.0,0.0014,0.0039,0.088826,
LSTR,10,10,1.00026,0.921421,0.921182,1.0,0.002,0.0013,0.900748,
LULU,10,10,1.000047,0.999966,0.999919,1.0,0.0007,0.0016,0.941762,no_rebase_needed
LUMN,10,10,1.0,0.957114,0.957114,1.0,0.0011,0.0009,0.969856,
LUV,10,10,1.0,0.926042,0.926042,1.0,0.0003,0.0005,0.847086,
LVS,10,10,1.0,0.95014,0.95014,1.0,0.0005,0.0007,0.841015,
LW,10,10,1.0,0.929023,0.929023,1.0,0.0002,0.0006,0.84304,
LYB,10,10,0.988663,0.741104,0.749603,,0.0015,0.0009,0.722909,P_not_canonical
LYFT,10,10,1.0,1.000265,1.000265,1.0,0.0011,0.0005,0.977047,no_rebase_needed
LYV,10,10,1.0,1.0,1.0,1.0,0.0007,0.0007,0.876125,no_rebase_needed
M,10,10,1.0,0.845625,0.845625,1.0,0.0013,0.0067,0.728511,
MA,10,10,1.000151,0.976655,0.976508,1.0,0.0012,0.0015,0.924085,
MAA,10,10,1.0,0.857008,0.857008,1.0,0.0002,0.0008,0.848555,
MAC,10,10,1.0,0.82566,0.82566,1.0,0.0007,0.0012,0.788067,
MAR,10,10,1.0,0.962648,0.962648,1.0,0.0002,0.0014,0.894099,
MARA,10,10,1.000427,0.99959,0.999163,1.0,0.0013,0.0019,0.940841,no_rebase_needed
MAS,10,10,1.000088,0.927203,0.927121,1.0,0.0055,0.0002,0.878176,
MAT,10,10,1.0,1.0,1.0,1.0,0.0009,0.0005,0.94314,no_rebase_needed
MATL,10,0,,,,,,,,no_seam_window
MATX,10,10,1.000047,0.948145,0.948101,1.0,0.0005,0.0019,0.923801,
MBB,10,10,0.998989,0.867433,0.868311,1.0,0.0014,0.0004,0.864114,
MCD,10,10,0.997494,0.912373,0.914664,1.0,0.006,0.0007,0.867837,
MCFE,10,0,,,,,,,,no_seam_window
MCHP,10,10,1.000143,0.912413,0.912283,1.0,0.0006,0.0011,0.877411,
MCK,10,10,0.998967,0.980428,0.981442,1.0,0.0025,0.0006,0.968546,
MCO,10,10,0.999938,0.966325,0.966385,1.0,0.0023,0.0009,0.933468,
MDB,10,10,1.0,1.000324,1.000324,1.0,0.0012,0.0023,0.915425,no_rebase_needed
MDD,10,0,,,,,,,,no_seam_window
MDLZ,10,10,1.0,0.900969,0.900969,1.0,0.0005,0.0004,0.882762,
MDT,10,10,0.999954,0.891964,0.892005,1.0,0.0004,0.0008,0.878418,
MDY,10,10,1.0,0.947828,0.947828,1.0,0.0003,0.001,0.912468,
MDYG,10,10,1.000067,0.958326,0.958262,1.0,0.0012,0.0068,0.918661,
MDYV,10,10,0.999779,0.923069,0.923274,1.0,0.0012,0.0095,0.893678,
MELI,10,10,1.000092,1.0,0.999908,1.0,0.0015,0.0015,0.905294,no_rebase_needed
MES,10,0,,,,,,,,no_seam_window
MET,10,10,1.0,0.885179,0.885179,1.0,0.0003,0.0004,0.857354,
MGM,10,10,1.0,0.999633,0.999633,1.0,0.0005,0.0004,0.902441,no_rebase_needed
MHK,10,10,1.0,1.000069,1.000069,1.0,0.0003,0.0006,0.901056,no_rebase_needed
MIDU,10,10,0.999732,0.96,0.960257,1.0,0.0024,0.0109,0.863684,iex_side_unstable
MIDZ,10,0,,,,,,,,no_seam_window
MINT,10,10,0.999505,0.841799,0.842216,1.0,0.0009,0.001,0.841474,
MKC,10,10,1.000048,0.915822,0.915778,1.0,0.0002,0.0004,0.921184,
MKTX,10,10,1.000053,0.94969,0.949639,1.0,0.0009,0.0011,0.911956,
MLCO,10,10,1.000979,0.999589,0.998612,1.0,0.0022,0.0029,0.799363,no_rebase_needed
MLM,10,10,0.998929,0.975649,0.976695,1.0,0.0021,0.0008,0.936289,
MMC,10,10,,,,,,,,no_yahoo_history
MMM,10,10,1.195959,0.827368,0.691803,1.2,0.0004,0.0003,0.675493,
MNDT,10,10,,,,,,,,no_yahoo_history
MNKKQ,10,0,,,,,,,,no_seam_window
MNST,10,10,4.0,2.000124,0.500031,4.0,0.0006,0.0005,0.461255,
MO,10,10,0.999808,0.714267,0.714404,1.0,0.0003,0.0003,0.705926,
MOH,10,10,1.0,0.999743,0.999743,1.0,0.0008,0.0012,0.962527,no_rebase_needed
MOMO,10,10,1.0,0.708932,0.708932,1.0,0.0024,0.0034,0.674041,
MOO,10,10,0.999842,0.896096,0.896238,1.0,0.0038,0.0026,0.884438,
MOS,10,10,0.997971,0.901973,0.903807,1.0,0.0023,0.0014,0.921578,
MPC,10,10,1.000065,0.914704,0.914645,1.0,0.0004,0.0005,0.877275,
MPWR,10,10,1.0,0.970175,0.970175,1.0,0.0022,0.0013,0.894181,
MRK,10,10,1.0,0.881761,0.881761,1.0,0.0002,0.0089,0.877068,
MRNA,10,10,1.0,0.999751,0.999751,1.0,0.0005,0.001,0.925297,no_rebase_needed
MRO,10,10,,,,,,,,no_yahoo_history
MRVL,10,10,1.000077,0.984062,0.983987,1.0,0.0012,0.001,0.95012,
MS,10,10,1.0,0.874829,0.874829,1.0,0.0003,0.0005,0.845592,
MSCI,10,10,1.0,0.95429,0.95429,1.0,0.0014,0.0019,0.896949,
MSFT,10,10,1.000018,0.967306,0.967288,1.0,0.0009,0.0011,0.931306,
MSI,10,10,1.0,0.953102,0.953102,1.0,0.0006,0.0042,0.923031,
MTB,10,10,0.999577,0.878677,0.879049,1.0,0.0071,0.0007,0.850287,
MTCH,10,10,0.999904,0.971283,0.971377,1.0,0.0008,0.0019,0.896811,
MTD,10,10,0.999344,0.99971,1.000366,1.0,0.0024,0.003,0.96354,no_rebase_needed
MU,10,10,1.000056,0.977999,0.977944,1.0,0.0005,0.0002,0.903741,
MUB,10,10,0.998802,0.89401,0.895083,1.0,0.0014,0.0004,0.892552,
MUNI,10,10,0.998719,0.884339,0.885474,1.0,0.0021,0.0008,0.883501,
MVV,10,10,0.999839,0.963285,0.96344,1.0,0.0018,0.0219,0.922831,iex_side_unstable
MXI,10,10,1.0,0.879911,0.879911,1.0,0.0013,0.0057,0.857667,
MYY,10,10,1.0,0.869362,0.869362,1.0,0.0018,0.0163,0.891948,iex_side_unstable
MZZ,10,10,,,,,,,,no_overlap_with_yahoo
NAVI,10,10,0.991211,0.839035,0.846475,1.0,0.009,0.0009,0.817713,
NCLH,10,10,1.0,0.999856,0.999856,1.0,0.0006,0.0009,0.883046,no_rebase_needed
NDAQ,10,10,3.0,0.945939,0.315313,3.0,0.0005,0.0038,0.308568,
NDSN,10,10,1.0,0.952313,0.952313,1.0,0.0009,0.0017,0.914435,
NEE,10,10,0.997179,0.896315,0.898851,1.0,0.0056,0.0004,0.940805,
NEM,10,10,1.000071,0.891058,0.890995,1.0,0.0005,0.0076,0.926381,
NET,10,10,0.999998,0.999851,0.999853,1.0,0.0016,0.0016,0.914371,no_rebase_needed
NFLX,10,10,10.000132,0.999902,0.099989,10.0,0.0006,0.0009,0.096887,
NI,10,10,1.0,0.876679,0.876679,1.0,0.0007,0.0007,0.865904,
NIO,10,10,1.000215,0.999867,0.999652,1.0,0.0007,0.0016,0.972639,no_rebase_needed
NKE,10,10,0.997853,0.934268,0.936278,1.0,0.0009,0.0005,0.886377,
NKLA,10,10,,,,,,,,no_yahoo_history
NKTR,10,10,0.066636,1.0,15.006981,0.06666666666666667,0.0021,0.0035,14.485224,
NLOK,10,10,,,,,,,,no_yahoo_history
NLR,10,10,0.999348,0.90448,0.905071,1.0,0.0055,0.0069,0.925657,
NLSN,10,10,,,,,,,,no_yahoo_history
NOC,10,10,0.999481,0.938042,0.938529,1.0,0.004,0.0012,0.957603,
NOK,10,10,1.0,0.932056,0.932056,1.0,0.0002,0.0025,0.880721,
NOV,10,10,1.0,0.923746,0.923746,1.0,0.0006,0.0023,1.067134,
NOW,10,10,4.998617,1.000184,0.200092,5.0,0.0007,0.0018,0.189815,
NRDS,10,10,0.999044,0.999108,1.000064,1.0,0.0033,0.0052,1.010406,no_rebase_needed
NRG,10,10,1.000262,0.897922,0.897687,1.0,0.0003,0.0006,0.908941,
NSC,10,10,1.0,0.91632,0.91632,1.0,0.0005,0.0007,0.896101,
NTAP,10,10,1.000058,0.909731,0.909679,1.0,0.0005,0.0006,0.890331,
NTES,10,10,1.000107,0.911959,0.911862,1.0,0.0011,0.0054,0.868619,
NTNX,10,10,1.000386,1.0,0.999614,1.0,0.0012,0.0009,0.92483,no_rebase_needed
NTR,10,10,1.000124,0.884625,0.884515,1.0,0.0004,0.001,0.925364,
NTRS,10,10,1.0,0.880213,0.880213,1.0,0.0005,0.0074,0.847327,
NUAN,10,0,,,,,,,,no_seam_window
NUE,10,10,1.0,0.941771,0.941771,1.0,0.0004,0.001,0.895743,
NUGT,10,10,0.999399,0.952378,0.952951,1.0,0.0023,0.0048,0.998373,
NVDA,10,10,9.999789,0.998261,0.099828,10.0,0.0004,0.001,0.092987,
NVR,10,10,1.000145,0.999017,0.998872,1.0,0.0027,0.0027,0.957004,no_rebase_needed
NVS,10,10,1.0,0.909092,0.909092,1.0,0.0001,0.027,0.872927,iex_side_unstable
NWL,10,10,0.99958,0.830651,0.831001,1.0,0.0103,0.0005,0.791521,pit_side_unstable
NWS,10,10,1.0,0.962444,0.962444,1.0,0.001,0.0052,0.924957,
NWSA,10,10,1.0,0.96039,0.96039,1.0,0.0005,0.0053,0.916739,
NXPI,10,10,1.000265,0.931761,0.931514,1.0,0.0008,0.0052,0.894272,
NY,10,0,,,,,,,,no_seam_window
NYC,10,10,,,,,,,,no_overlap_with_yahoo
NYF,10,10,0.998397,0.901248,0.902695,1.0,0.0024,0.0011,0.900214,
O,10,10,0.998273,0.810023,0.811424,1.0,0.0037,0.0003,0.783953,
OAS,10,10,,,,,,,,no_yahoo_history
ODFL,10,10,1.998554,0.978521,0.489614,2.0,0.0012,0.001,0.464718,
OEF,10,10,1.0,0.950064,0.950064,1.0,0.0007,0.0034,0.923368,
OGN,10,10,0.999739,0.836967,0.837185,1.0,0.0083,0.0008,0.828442,
OIH,10,10,1.000021,0.940454,0.940434,1.0,0.0013,0.0012,1.015924,
OILNF,10,0,,,,,,,,no_seam_window
OKE,10,10,1.0,0.804168,0.804168,1.0,0.0004,0.0004,0.805226,
OKTA,10,10,0.999946,1.00023,1.000284,1.0,0.0011,0.0011,0.974686,no_rebase_needed
OMC,10,10,1.0,0.869869,0.869869,1.0,0.0001,0.0092,0.812261,
ON,10,10,1.00008,0.999745,0.999665,1.0,0.0006,0.0004,0.917209,no_rebase_needed
ONON,10,10,0.999792,1.0,1.000208,1.0,0.002,0.0014,0.943078,no_rebase_needed
OPRA,10,10,0.997581,0.77358,0.775456,1.0,0.0177,0.0147,0.734298,pit_side_unstable;iex_side_unstable
ORCL,10,10,0.99987,0.948034,0.948157,1.0,0.0006,0.0005,0.921379,
ORLY,10,10,15.0,1.0,0.066667,15.0,0.0014,0.0019,0.065326,
OTIS,10,10,0.999937,0.936812,0.936871,1.0,0.0004,0.0004,0.892886,
OTLY,10,10,0.050036,1.0,19.985663,0.05,0.0015,0.0046,18.478964,
OXY,10,10,1.0,0.941212,0.941212,1.0,0.0007,0.0024,0.925768,
PAF,10,0,,,,,,,,no_seam_window
PANW,10,10,5.999948,1.000027,0.166673,6.0,0.0011,0.0017,0.159475,
PARA,10,10,5.1e-05,5.4e-05,1.052119,,0.2459,0.1209,0.900441,P_not_canonical;pit_side_unstable;iex_side_unstable
PAYC,10,10,1.0,0.977109,0.977109,1.0,0.0013,0.0011,0.924834,
PAYX,10,10,1.000085,0.886654,0.886578,1.0,0.0004,0.0013,0.878727,
PBCT,10,10,,,,,,,,no_yahoo_history
PBD,10,10,1.001086,0.90305,0.902071,1.0,0.0032,0.004,0.910301,
PBE,10,10,1.0,0.986988,0.986988,1.0,0.0003,0.0003,1.000858,
PBJ,10,10,1.0,0.933127,0.933127,1.0,0.0001,0.0134,0.922283,iex_side_unstable
PBP,10,10,1.0,0.751985,0.751985,1.0,0.0035,0.0116,0.736704,iex_side_unstable
PBR,10,10,1.0,0.377453,0.377453,1.0,0.0014,0.0015,0.347309,
PBS,10,10,,,,,,,,no_overlap_with_yahoo
PBW,10,10,1.000097,0.903854,0.903766,1.0,0.0019,0.0027,0.925492,
PCAR,10,10,1.500249,0.858194,0.572035,1.5,0.001,0.0007,0.541074,
PCG,10,10,1.0,0.988388,0.988388,1.0,0.0009,0.002,0.928561,
PCY,10,10,0.999781,0.764972,0.765139,1.0,0.0019,0.0019,0.756855,
PDD,10,10,1.0,0.999873,0.999873,1.0,0.0021,0.0015,0.935546,no_rebase_needed
PDN,10,10,1.000144,0.874166,0.874041,1.0,0.0022,0.0093,0.850313,
PDP,10,10,1.0,0.98698,0.98698,1.0,0.0005,0.024,0.946102,iex_side_unstable
PEAK,10,10,,,,,,,,no_yahoo_history
PEG,10,10,0.999925,0.874736,0.874802,1.0,0.0003,0.0084,0.868972,
PEJ,10,10,1.0,0.98194,0.98194,1.0,0.0009,0.0096,0.916082,
PENN,10,10,1.0,1.0,1.0,1.0,0.0002,0.0006,0.88274,no_rebase_needed
PEP,10,10,0.993526,0.880363,0.8861,1.0,0.0067,0.0007,0.863083,
PEY,10,10,1.0,0.828807,0.828807,1.0,0.0009,0.0022,0.820178,
PEZ,10,10,1.0,0.984851,0.984851,1.0,0.0,0.0151,1.032228,iex_side_unstable
PFE,10,10,1.0,0.806356,0.806356,1.0,0.0003,0.0011,0.795172,
PFF,10,10,0.997482,0.781459,0.783432,1.0,0.0037,0.0017,0.774339,
PFG,10,10,1.0,0.867497,0.867497,1.0,0.0006,0.0099,0.824545,
PFI,10,10,,,,,,,,no_overlap_with_yahoo
PFM,10,10,1.0,0.930199,0.930199,1.0,0.0,0.0143,0.916314,iex_side_unstable
PG,10,10,0.999904,0.902893,0.902979,1.0,0.0007,0.0007,0.889768,
PGF,10,10,1.00029,0.782486,0.782258,1.0,0.0032,0.0013,0.773881,
PGJ,10,10,1.000455,0.891683,0.891277,1.0,0.0029,0.0208,0.864451,iex_side_unstable
PGR,10,10,0.999953,0.909787,0.90983,1.0,0.0003,0.0008,0.904477,
PH,10,10,1.0,0.949201,0.949201,1.0,0.0013,0.0011,0.90942,
PHB,10,10,,,,,,,,no_yahoo_history
PHM,10,10,1.0,0.961899,0.961899,1.0,0.0004,0.0036,0.900364,
PHO,10,10,1.000001,0.977262,0.977261,1.0,0.0016,0.005,0.953013,
PIC,10,0,,,,,,,,no_seam_window
PID,10,10,1.0,0.861959,0.861959,1.0,0.0015,0.0022,0.851836,
PIE,10,10,1.0,0.900988,0.900988,1.0,0.0049,0.0133,0.855748,iex_side_unstable
PINS,10,10,1.0,1.0,1.0,1.0,0.0008,0.0013,0.954921,no_rebase_needed
PIO,10,10,1.0,0.96167,0.96167,1.0,0.0036,0.0073,0.937531,
PIQ,10,0,,,,,,,,no_seam_window
PIZ,10,10,1.0,0.924808,0.924808,1.0,0.0041,0.0063,0.889291,
PJB,10,0,,,,,,,,no_seam_window
PJP,10,10,,,,,,,,no_overlap_with_yahoo
PKB,10,10,1.0,0.985678,0.985678,1.0,0.0003,0.0127,0.950879,iex_side_unstable
PKG,10,10,0.999967,0.884477,0.884506,1.0,0.0009,0.0071,0.855572,
PKI,10,10,,,,,,,,no_yahoo_history
PKW,10,10,1.000167,0.953248,0.953089,1.0,0.0007,0.0102,0.931091,iex_side_unstable
PLD,10,10,0.999931,0.879304,0.879364,1.0,0.0004,0.0056,0.868003,
PLND,10,0,,,,,,,,no_seam_window
PLNT,10,10,1.0,1.000124,1.000124,1.0,0.0004,0.0011,0.929838,no_rebase_needed
PLTK,10,10,1.0,0.858817,0.858817,1.0,0.0012,0.0012,0.799641,
PLTR,10,10,1.0,0.999775,0.999775,1.0,0.0017,0.0009,1.014155,no_rebase_needed
PLUG,10,10,1.0,1.0,1.0,1.0,0.0004,0.001,1.006499,no_rebase_needed
PLW,10,10,1.0,0.978443,0.978443,1.0,0.0009,0.0064,0.975781,
PM,10,10,1.0,0.817945,0.817945,1.0,0.0003,0.0008,0.763753,
PMR,10,0,,,,,,,,no_seam_window
PNC,10,10,1.0,0.855224,0.855224,1.0,0.0007,0.0009,0.826867,
PNR,10,10,1.0,0.947989,0.947989,1.0,0.0004,0.0006,0.913403,
PNW,10,10,1.0,0.839157,0.839157,1.0,0.0006,0.0007,0.850022,
POOL,10,10,1.000022,0.945715,0.945694,1.0,0.0011,0.0027,0.915942,
POSH,10,10,,,,,,,,no_yahoo_history
PPA,10,10,1.0,0.972864,0.972864,1.0,0.0005,0.0038,0.963902,
PPG,10,10,1.000067,0.917483,0.917422,1.0,0.0006,0.0011,0.848074,
PPH,10,10,1.0,0.926904,0.926904,1.0,0.0001,0.0057,0.9154,
PPL,10,10,1.0,0.874134,0.874134,1.0,0.0008,0.0075,0.857803,
PRF,10,10,5.0,0.923329,0.184666,5.0,0.0007,0.008,0.180308,
PRFZ,10,10,5.0,0.946859,0.189372,5.0,0.0008,0.0095,0.184794,
PRGO,10,10,1.0,0.873356,0.873356,1.0,0.0078,0.0006,0.847092,
PRN-,10,10,,,,,,,,no_yahoo_history
PRNT,10,10,1.0,0.988465,0.988465,1.0,0.0031,0.0065,0.971377,
PRU,10,10,1.000044,0.820603,0.820567,1.0,0.0002,0.0005,0.786876,
PSA,10,10,1.000043,0.820492,0.820457,1.0,0.0008,0.0062,0.817609,
PSI,10,10,3.000114,0.98648,0.328814,3.0,0.001,0.0165,0.313987,iex_side_unstable
PSJ,10,10,3.0,0.979278,0.326426,3.0,0.0008,0.0202,0.326701,iex_side_unstable
PSK,10,10,0.99567,0.774382,0.77775,1.0,0.0048,0.0032,0.773696,
PSL,10,10,,,,,,,,no_overlap_with_yahoo
PSP,10,10,0.2,0.787018,3.935088,0.2,0.0009,0.0101,3.76771,iex_side_unstable
PSQ,10,10,0.2,0.840589,4.202944,0.2,0.0009,0.003,4.350286,
PSTG,10,10,,,,,,,,no_yahoo_history
PSX,10,10,1.000059,0.862723,0.862672,1.0,0.0004,0.0005,0.845222,
PTC,10,10,1.000091,1.000286,1.000194,1.0,0.0006,0.0018,0.970836,no_rebase_needed
PTF,10,10,3.0,0.995351,0.331784,3.0,0.001,0.0147,0.318131,iex_side_unstable
PTH,10,10,3.0,0.971753,0.323918,3.0,0.0001,0.005,0.31106,
PTLO,10,10,1.000193,1.000187,0.999993,1.0,0.0036,0.0044,1.022688,no_rebase_needed
PTON,10,10,1.0,1.0,1.0,1.0,0.0008,0.0018,0.957021,no_rebase_needed
PUI,10,10,,,,,,,,no_overlap_with_yahoo
PUW,10,0,,,,,,,,no_seam_window
PVH,10,10,1.0,0.992536,0.992536,1.0,0.0005,0.0017,0.841008,
PVI,10,10,1.0,0.910771,0.910771,1.0,0.0008,0.0001,0.910771,
PWB,10,10,1.0,0.986953,0.986953,1.0,0.0,0.0158,0.977176,iex_side_unstable
PWC,10,10,2.993667,0.986124,0.329403,3.0,0.0167,0.0167,0.323258,pit_side_unstable;iex_side_unstable
PWO,10,0,,,,,,,,no_seam_window
PWR,10,10,1.000045,0.993668,0.993623,1.0,0.0005,0.0012,0.984866,
PWV,10,10,1.0,0.908231,0.908231,1.0,0.0007,0.0167,0.899053,iex_side_unstable
PWZ,10,10,0.999814,0.881148,0.881312,1.0,0.0007,0.0018,0.879523,
PXD,10,10,,,,,,,,no_yahoo_history
PXE,10,10,1.0,0.889649,0.889649,1.0,0.0013,0.0056,0.887405,
PXF,10,10,1.0,0.857558,0.857558,1.0,0.0018,0.0084,0.83349,
PXH,10,10,1.000237,0.825662,0.825466,1.0,0.0024,0.0021,0.794253,
PXI,10,10,1.0,0.915431,0.915431,1.0,0.0003,0.0106,0.912137,iex_side_unstable
PXJ,10,10,0.2,0.900449,4.502246,0.2,0.0052,0.0067,4.845063,
PXN,10,0,,,,,,,,no_seam_window
PXQ,10,10,,,,,,,,no_overlap_with_yahoo
PYH,10,0,,,,,,,,no_seam_window
PYPL,10,10,1.0,0.994649,0.994648,1.0,0.0003,0.0004,0.931667,
PYZ,10,10,1.0,0.960309,0.960309,1.0,0.0,0.0195,0.923136,iex_side_unstable
PZA,10,10,1.000192,0.878219,0.87805,1.0,0.001,0.0017,0.876533,
PZI,10,0,,,,,,,,no_seam_window
PZT,10,10,1.0,0.883197,0.883197,1.0,0.002,0.0054,0.881453,
QCOM,10,10,0.996063,0.912633,0.91624,1.0,0.0043,0.0007,0.843304,
QID,10,10,0.200048,0.841552,4.206741,0.2,0.0016,0.0023,4.522808,
QLD,10,10,2.0,0.990762,0.495381,2.0,0.0006,0.007,0.459858,
QQQ,10,10,1.000177,0.972327,0.972155,1.0,0.0006,0.0007,0.936703,
QQQE,10,10,1.0,0.966509,0.966509,1.0,0.0001,0.009,0.921903,
QRTEA,10,10,,,,,,,,no_yahoo_history
QRVO,10,10,1.000075,1.000077,1.000001,1.0,0.0005,0.0009,0.953501,no_rebase_needed
QS,10,10,1.000626,1.0,0.999374,1.0,0.0008,0.0013,0.998601,no_rebase_needed
R,10,10,1.000062,0.906887,0.906831,1.0,0.0007,0.0011,0.880635,
RACE,10,10,1.000049,0.981104,0.981056,1.0,0.0014,0.0016,0.90584,
RAD,10,10,,,,,,,,no_yahoo_history
RBL,10,0,,,,,,,,no_seam_window
RBLX,10,10,1.000104,0.999944,0.99984,1.0,0.0012,0.0018,0.974486,no_rebase_needed
RCD,10,10,,,,,,,,no_yahoo_history
RCL,10,10,1.0,0.977273,0.977273,1.0,0.0005,0.0009,0.888979,
RE,10,10,,,,,,,,no_yahoo_history
REEMF,10,0,,,,,,,,no_seam_window
REG,10,10,1.0,0.844968,0.844968,1.0,0.0011,0.0096,0.818477,
REGN,10,10,1.0,0.993412,0.993412,1.0,0.0011,0.0009,0.991279,
REM,10,10,1.0,0.683057,0.683057,1.0,0.001,0.0012,0.671551,
REMX,10,10,1.000278,0.943535,0.943272,1.0,0.0041,0.0041,0.906985,
RENT,10,10,0.050043,1.00187,20.020026,0.05,0.0056,0.0058,19.696395,
RETL,10,10,0.999762,0.953781,0.954008,1.0,0.0061,0.0053,0.844311,
REW,10,10,0.125,0.42602,3.408157,0.125,0.0001,0.0087,3.672427,
REYN,10,10,1.0,0.872059,0.872059,1.0,0.0008,0.0018,0.862806,
REZ,10,10,1.00011,0.894885,0.894786,1.0,0.0016,0.0072,0.886112,
RF,10,10,1.0,0.841771,0.841771,1.0,0.0009,0.0082,0.785703,
RFG,10,10,,,,,,,,no_overlap_with_yahoo
RFV,10,10,,,,,,,,no_overlap_with_yahoo
RGI,10,10,5.0,4.926829,0.985366,5.0,0.0004,0.0176,0.955542,iex_side_unstable
RGR,10,10,0.999923,0.84062,0.840684,1.0,0.001,0.0122,0.826698,iex_side_unstable
RHI,10,10,0.999701,0.855955,0.856211,1.0,0.0037,0.0006,0.80871,
RHS,10,10,,,,,,,,no_overlap_with_yahoo
RIG,10,10,1.001326,0.998912,0.997589,1.0,0.0033,0.0021,1.166274,
RIO,10,10,1.0,0.771998,0.771998,1.0,0.0003,0.0645,0.704828,iex_side_unstable
RIVN,10,10,0.999925,0.99975,0.999825,1.0,0.0011,0.0018,0.896286,no_rebase_needed
RJF,10,10,1.0,0.943455,0.943455,1.0,0.0002,0.0009,0.895419,
RKH,10,0,,,,,,,,no_seam_window
RKT,10,10,1.0,0.89707,0.89707,1.0,0.0008,0.0019,0.776045,
RL,10,10,0.999961,0.91742,0.917456,1.0,0.0008,0.0013,0.805187,
RLX,10,10,1.0,0.946738,0.946738,1.0,0.004,0.0071,0.860333,
RMBS,10,10,1.0,1.0,1.0,1.0,0.0011,0.0017,0.96796,no_rebase_needed
RMD,10,10,0.99982,0.963659,0.963832,1.0,0.0009,0.0013,0.936885,
RNG,10,10,0.99996,0.998322,0.998362,1.0,0.0028,0.0018,0.987198,no_rebase_needed
ROK,10,10,0.999981,0.93276,0.932778,1.0,0.0012,0.0006,0.917398,
ROKU,10,10,1.0,1.000113,1.000113,1.0,0.0013,0.001,0.925685,no_rebase_needed
ROL,10,10,1.0,0.950202,0.950202,1.0,0.0003,0.0004,0.949061,
ROM,10,10,1.000432,0.993127,0.992698,1.0,0.0015,0.0415,0.921664,iex_side_unstable
ROP,10,10,1.000023,0.976049,0.976027,1.0,0.0005,0.0011,0.955201,
ROST,10,10,1.0,0.954382,0.954382,1.0,0.0004,0.0036,0.906671,
RPG,10,10,5.001287,0.971557,0.194261,5.0,0.0006,0.0093,0.187148,
RPV,10,10,0.99988,0.901094,0.901202,1.0,0.0007,0.0017,0.88223,
RRC,10,10,1.0,0.962659,0.962659,1.0,0.0009,0.0012,0.971748,
RSG,10,10,1.000084,0.950989,0.95091,1.0,0.0003,0.0006,0.936586,
RSP,10,10,1.0,0.929965,0.929965,1.0,0.0005,0.0013,0.905192,
RSU,10,0,,,,,,,,no_seam_window
RSW,10,0,,,,,,,,no_seam_window
RSX,10,0,,,,,,,,no_seam_window
RSXJ,10,0,,,,,,,,no_seam_window
RTH,10,10,,,,,,,,no_overlap_with_yahoo
RTL,10,10,,,,,,,,no_yahoo_history
RTM,10,10,5.000083,4.886033,0.97719,5.0,0.0027,0.0177,0.969581,iex_side_unstable
RTX,10,10,0.999798,0.915083,0.915268,1.0,0.0053,0.0003,0.902177,
RUSL,10,0,,,,,,,,no_seam_window
RUSS,10,0,,,,,,,,no_seam_window
RWM,10,10,1.0,0.865599,0.865599,1.0,0.0013,0.0019,0.884914,
RWO,10,10,1.0,0.85914,0.85914,1.0,0.0002,0.0081,0.846379,
RWR,10,10,0.99946,0.854273,0.854735,1.0,0.0013,0.0046,0.840823,
RWX,10,10,1.0,0.847369,0.847369,1.0,0.0033,0.0038,0.829063,
RXD,10,10,0.499633,0.446275,0.893206,0.5,0.0212,0.0164,0.907502,pit_side_unstable;iex_side_unstable
RXI,10,10,1.0,0.95385,0.95385,1.0,0.0033,0.0095,0.910812,
RXL,10,10,1.9982,0.967017,0.483944,2.0,0.0044,0.0334,0.458491,iex_side_unstable
RYE,10,10,1.000408,0.955214,0.954824,1.0,0.0008,0.0046,0.960366,
RYF,10,10,1.0,0.975156,0.975156,1.0,0.0002,0.0117,0.939453,iex_side_unstable
RYH,10,10,9.999097,9.891037,0.989193,10.0,0.0028,0.0158,0.952281,iex_side_unstable
RYT,10,10,10.0,9.923382,0.992338,10.0,0.0008,0.0235,0.959413,iex_side_unstable
RYU,10,10,1.999332,1.944867,0.972759,2.0,0.0045,0.0105,0.976975,iex_side_unstable
RZG,10,10,3.002768,0.952191,0.317104,3.0,0.0121,0.011,0.319717,pit_side_unstable;iex_side_unstable
RZV,10,10,1.0,0.942154,0.942154,1.0,0.0007,0.01,0.922275,
SAA,10,10,,,,,,,,no_overlap_with_yahoo
SAGG,10,0,,,,,,,,no_seam_window
SAVE,10,10,,,,,,,,no_yahoo_history
SBAC,10,10,1.0,0.934862,0.934862,1.0,0.0008,0.0031,0.936118,
SBB,10,10,,,,,,,,no_overlap_with_yahoo
SBNY,10,10,,,,,,,,no_yahoo_history
SBUX,10,10,1.0,0.906832,0.906832,1.0,0.0003,0.0007,0.851141,
SCC,10,10,0.250228,0.861174,3.441559,0.25,0.0273,0.0374,3.724405,pit_side_unstable;iex_side_unstable
SCCO,10,10,1.069887,0.850381,0.794832,,0.0004,0.0007,0.770419,P_not_canonical
SCHW,10,10,1.0,0.945534,0.945534,1.0,0.0005,0.0004,0.911047,
SCJ,10,10,0.999446,0.920387,0.920896,1.0,0.0026,0.0024,0.879547,
SCO,10,10,0.05,0.249918,4.998369,0.05,0.0027,0.0031,4.742133,
SCPR,10,0,,,,,,,,no_seam_window
SCZ,10,10,1.000152,0.888392,0.888257,1.0,0.0008,0.0018,0.860491,
SD,10,10,1.00036,0.715502,0.715245,1.0,0.0016,0.0034,0.712489,
SDC,10,10,,,,,,,,no_yahoo_history
SDD,10,10,1.0,0.889916,0.889916,1.0,0.0096,0.0209,0.911314,iex_side_unstable
SDIG,10,10,,,,,,,,no_yahoo_history
SDK,10,0,,,,,,,,no_seam_window
SDP,10,10,0.25,0.445989,1.783958,0.25,0.0001,0.0375,1.791425,iex_side_unstable
SDS,10,10,0.2,0.836314,4.181568,0.2,0.0007,0.0029,4.424702,
SDY,10,10,1.0,0.8947,0.8947,1.0,0.0008,0.0075,0.882231,
SE,10,10,0.999958,0.999545,0.999588,1.0,0.002,0.0014,0.924017,no_rebase_needed
SEDG,10,10,0.999921,0.999623,0.999702,1.0,0.0015,0.0017,1.015692,no_rebase_needed
SEE,10,10,,,,,,,,no_yahoo_history
SFK,10,0,,,,,,,,no_seam_window
SGEN,10,10,,,,,,,,no_yahoo_history
SGGFF,10,0,,,,,,,,no_seam_window
SH,10,10,0.25,0.853912,3.415649,0.25,0.0014,0.0014,3.517012,
SHAK,10,10,1.0,1.000087,1.000087,1.0,0.0002,0.0014,0.906309,no_rebase_needed
SHLDQ,10,0,,,,,,,,no_seam_window
SHM,10,10,0.999792,0.933451,0.933646,1.0,0.001,0.001,0.933583,
SHOP,10,10,9.99633,1.000129,0.10005,10.0,0.001,0.0132,0.093412,iex_side_unstable
SHV,10,10,1.0,0.853853,0.853853,1.0,0.0001,0.0002,0.853802,
SHW,10,10,0.999309,0.963989,0.964656,1.0,0.0028,0.0012,0.906098,
SHY,10,10,0.999882,0.882109,0.882213,1.0,0.0002,0.0003,0.881149,
SIJ,10,10,0.25,0.430767,1.723069,0.25,0.0136,0.029,1.767183,pit_side_unstable;iex_side_unstable
SIRI,10,10,0.1,0.882175,8.821746,0.1,0.0017,0.0033,9.114696,
SIVB,10,10,,,,,,,,no_yahoo_history
SJF,10,0,,,,,,,,no_seam_window
SJH,10,0,,,,,,,,no_seam_window
SJL,10,0,,,,,,,,no_seam_window
SJM,10,10,0.999963,0.870927,0.87096,1.0,0.0008,0.0007,0.884269,
SKF,10,10,0.25,0.855848,3.423393,0.25,0.0006,0.0298,3.540028,iex_side_unstable
SKK,10,10,,,,,,,,no_yahoo_history
SKLZ,10,10,,,,,,,,no_yahoo_history
SLB,10,10,1.0,0.911295,0.911295,1.0,0.0004,0.0005,0.983985,
SLG,10,10,0.999686,0.76559,0.765831,1.0,0.0044,0.0009,0.744692,
SLV,10,10,1.0,1.0,1.0,1.0,0.0009,0.0007,1.002538,no_rebase_needed
SLX,10,10,1.000546,0.879831,0.879351,1.0,0.0013,0.02,0.86554,iex_side_unstable
SLY,10,10,1.000027,0.977658,0.977633,1.0,0.0012,0.0049,0.958615,
SLYG,10,10,0.999939,0.953287,0.953345,1.0,0.0012,0.0097,0.932383,
SLYV,10,10,1.000308,0.915999,0.915716,1.0,0.0013,0.0077,0.9049,
SMH,10,10,1.999775,0.975499,0.487804,2.0,0.0013,0.001,0.463263,
SMMU,10,10,0.999407,0.901267,0.901802,1.0,0.0006,0.0009,0.900732,
SMN,10,10,0.25,0.433517,1.734067,0.25,0.0024,0.0214,1.862707,iex_side_unstable
SMOG,10,10,0.998906,0.942657,0.943689,1.0,0.0093,0.0142,0.949494,iex_side_unstable
SNA,10,10,0.999735,0.900935,0.901174,1.0,0.0016,0.0009,0.886606,
SNAP,10,10,1.0,1.0,1.0,1.0,0.0009,0.001,0.913267,no_rebase_needed
SNOW,10,10,1.000446,1.000114,0.999667,1.0,0.0023,0.0013,0.921505,no_rebase_needed
SNPS,10,10,1.000145,0.999751,0.999606,1.0,0.0005,0.001,0.955679,no_rebase_needed
SO,10,10,1.0,0.865343,0.865343,1.0,0.0,0.0005,0.886596,
SOFI,10,10,1.0,0.99974,0.99974,1.0,0.0022,0.0014,0.9615,no_rebase_needed
SOHU,10,10,1.0,1.0,1.0,1.0,0.0024,0.0021,0.929922,no_rebase_needed
SONO,10,10,1.0,1.0,1.0,1.0,0.0008,0.0015,0.927875,no_rebase_needed
SOXL,10,10,0.999295,0.970062,0.970747,1.0,0.0016,0.0041,0.824557,
SOXS,10,10,3e-06,0.005777,1731.460935,,0.0048,0.0079,1991.232235,P_not_canonical
SOXX,10,10,2.998806,0.965856,0.32208,3.0,0.0021,0.0026,0.305296,
SPAB,10,10,0.998944,0.869558,0.870477,1.0,0.0018,0.0009,0.865526,
SPCE,10,10,0.05,0.999444,19.988876,0.05,0.0015,0.0027,18.80102,
SPDW,10,10,1.0,0.88164,0.88164,1.0,0.0007,0.0019,0.855659,
SPEM,10,10,1.00012,0.888883,0.888776,1.0,0.0008,0.0007,0.855601,
SPEU,10,10,1.0,0.873957,0.873957,1.0,0.0003,0.0169,0.845333,iex_side_unstable
SPG,10,10,1.0,0.801173,0.801173,1.0,0.0008,0.0125,0.741686,iex_side_unstable
SPGI,10,10,1.057014,1.021445,0.966349,,0.001,0.0017,0.914868,P_not_canonical
SPGP,10,10,1.000057,0.947534,0.94748,1.0,0.0008,0.0115,0.918535,iex_side_unstable
SPHB,10,10,1.0,0.968688,0.968688,1.0,0.0007,0.0053,0.919334,
SPHQ,10,10,1.0,0.941131,0.941131,1.0,0.0004,0.0021,0.9047,
SPIB,10,10,0.999142,0.853849,0.854583,1.0,0.0014,0.0003,0.849046,
SPIP,10,10,0.998531,0.844077,0.84532,1.0,0.0021,0.0007,0.84975,
SPLB,10,10,0.99753,0.822498,0.824534,1.0,0.0033,0.0009,0.808628,
SPLG,10,10,,,,,,,,no_yahoo_history
SPLK,10,10,,,,,,,,no_yahoo_history
SPLV,10,10,1.0,0.91563,0.91563,1.0,0.0008,0.0009,0.907124,
SPMB,10,10,0.998366,0.869075,0.870497,1.0,0.0021,0.0007,0.866922,
SPMD,10,10,1.000216,0.937409,0.937206,1.0,0.0007,0.0019,0.902794,
SPOT,10,10,1.0,1.000114,1.000114,1.0,0.0009,0.0015,0.965007,no_rebase_needed
SPSB,10,10,0.999343,0.852741,0.853302,1.0,0.0016,0.0006,0.850476,
SPTI,10,10,0.999839,0.8829,0.883042,1.0,0.0007,0.0019,0.880673,
SPTL,10,10,0.999109,0.86977,0.870545,1.0,0.0018,0.0013,0.863357,
SPTM,10,10,0.999721,0.94045,0.940712,1.0,0.0008,0.0025,0.913206,
SPVM,10,10,1.0,0.909143,0.909143,1.0,0.0012,0.0086,0.897838,
SPXL,10,10,1.00042,0.964548,0.964143,1.0,0.0016,0.0072,0.881013,
SPXS,10,10,0.100023,0.872299,8.720956,0.1,0.0018,0.004,9.470494,
SPY,10,10,1.000059,0.943247,0.943191,1.0,0.0003,0.0005,0.915336,
SPYG,10,10,0.999921,0.964843,0.964919,1.0,0.0007,0.0029,0.931589,
SPYV,10,10,0.999878,0.916641,0.916753,1.0,0.0007,0.0018,0.896482,
SQ,10,10,,,,,,,,no_yahoo_history
SQSP,10,10,,,,,,,,no_yahoo_history
SRE,10,10,1.999509,0.875762,0.437989,2.0,0.0008,0.0009,0.440793,
SRS,10,10,0.25,0.869533,3.478133,0.25,0.0014,0.0275,3.53914,iex_side_unstable
SSG,10,10,0.01,0.858308,85.830849,0.01,0.0064,0.0636,86.784151,iex_side_unstable
SSO,10,10,2.0,0.974852,0.487426,2.0,0.0005,0.0038,0.459019,
STE,10,10,1.0,0.968992,0.968992,1.0,0.002,0.0009,0.942983,
STI,10,10,,,,,,,,no_yahoo_history
STNE,10,10,1.0,0.999783,0.999783,1.0,0.0019,0.0028,0.946557,no_rebase_needed
STT,10,10,1.0,0.874262,0.874262,1.0,0.0001,0.0005,0.848957,
STX,10,10,1.0,0.878987,0.878987,1.0,0.0005,0.001,0.852462,
STZ,10,10,0.999883,0.930633,0.930741,1.0,0.0005,0.0009,0.910421,
SU,10,10,0.989505,0.856766,0.865854,,0.011,0.0009,0.894593,P_not_canonical;pit_side_unstable
SUSA,10,10,1.000054,0.947741,0.94769,1.0,0.0014,0.0019,0.920506,
SWAV,10,10,,,,,,,,no_yahoo_history
SWBI,10,10,0.999444,0.84124,0.841708,1.0,0.0014,0.0062,0.840656,
SWCH,10,10,,,,,,,,no_yahoo_history
SWI,10,10,,,,,,,,no_yahoo_history
SWK,10,10,1.0,0.856404,0.856404,1.0,0.0004,0.0003,0.808795,
SWKS,10,10,1.0,0.883312,0.883312,1.0,0.0009,0.0007,0.83684,
SWN,10,10,,,,,,,,no_yahoo_history
SYF,10,10,1.0,0.911195,0.911195,1.0,0.0005,0.0004,0.849873,
SYK,10,10,1.0,0.959707,0.959707,1.0,0.0012,0.0008,0.910762,
SYY,10,10,1.0,0.898186,0.898186,1.0,0.0002,0.0006,0.82211,
SZK,10,10,0.498883,0.434601,0.871149,0.5,0.0355,0.0171,0.920783,pit_side_unstable;iex_side_unstable
T,10,10,1.324,0.806465,0.609113,1.3333333333333333,0.0005,0.0008,0.601712,
TAL,10,10,1.0,1.0,1.0,1.0,0.0087,0.0085,1.050847,no_rebase_needed
TAP,10,10,0.992838,0.88187,0.888231,1.0,0.0013,0.0007,0.893915,
TCOM,10,10,1.0,0.995812,0.995812,1.0,0.0013,0.001,0.883171,
TDC,10,10,1.0,0.99968,0.99968,1.0,0.0006,0.0014,0.971694,no_rebase_needed
TDG,10,10,1.00033,0.777791,0.777534,1.0,0.0012,0.0005,0.727791,
TDOC,10,10,0.999692,0.999823,1.000131,1.0,0.0022,0.0014,0.954035,no_rebase_needed
TDY,10,10,0.999943,0.99945,0.999507,1.0,0.0019,0.0013,0.964995,no_rebase_needed
TEAM,10,10,1.000206,0.999922,0.999716,1.0,0.0022,0.0015,0.911873,no_rebase_needed
TECH,10,10,4.001297,0.981992,0.245418,4.0,0.0011,0.0016,0.235901,
TECL,10,10,0.999727,0.92574,0.925993,1.0,0.0022,0.0163,0.836364,iex_side_unstable
TECS,10,10,0.009999,0.087604,8.761639,0.01,0.0027,0.0109,9.672933,iex_side_unstable
TEL,10,10,1.000072,0.940871,0.940804,1.0,0.0004,0.0005,0.900224,
TER,10,10,1.0,0.983108,0.983108,1.0,0.0007,0.0009,0.935614,
TEVA,10,10,1.000624,1.0,0.999376,1.0,0.0014,0.0021,0.981928,no_rebase_needed
TFC,10,10,1.0,0.813841,0.813841,1.0,0.0004,0.0006,0.776433,
TFI,10,10,0.999196,0.895849,0.89657,1.0,0.0016,0.0007,0.894689,
TFX,10,10,0.999033,0.970017,0.970955,1.0,0.0015,0.001,0.962941,
TGT,10,10,0.99998,0.876583,0.8766,1.0,0.001,0.0011,0.826513,
TIP,10,10,0.998395,0.865049,0.86644,1.0,0.0018,0.0004,0.869952,
TJX,10,10,0.999848,0.943309,0.943453,1.0,0.0003,0.0004,0.879954,
TLH,10,10,0.998585,0.859881,0.8611,1.0,0.0019,0.0033,0.851219,
TLRY,10,10,0.1,0.999528,9.995283,0.1,0.0017,0.0032,9.751908,
TLT,10,10,0.999128,0.864638,0.865392,1.0,0.0018,0.0008,0.858751,
TM,10,10,1.0,0.928315,0.928315,1.0,0.0006,0.0006,0.870384,
TME,10,10,1.0,0.979685,0.979685,1.0,0.0004,0.003,0.931413,
TMF,10,10,0.100066,0.872214,8.716383,0.1,0.0018,0.0059,8.550863,
TMO,10,10,0.999582,0.988075,0.988488,1.0,0.0005,0.0014,0.965727,
TMUS,10,10,1.000163,0.961749,0.961592,1.0,0.0007,0.0007,0.954682,
TMV,10,10,4.001794,0.888674,0.222069,4.0,0.0023,0.0084,0.226628,
TNA,10,10,0.99983,0.962556,0.962719,1.0,0.0009,0.008,0.896588,
TOK,10,10,,,,,,,,no_overlap_with_yahoo
TOL,10,10,1.0,0.957206,0.957206,1.0,0.0011,0.0007,0.883786,
TOST,10,10,1.0,1.0,1.0,1.0,0.0037,0.003,0.959844,no_rebase_needed
TOTS,10,0,,,,,,,,no_seam_window
TPR,10,10,0.994014,0.897495,0.9029,1.0,0.0064,0.0011,0.790139,
TPTX,10,10,,,,,,,,no_yahoo_history
TRIP,10,10,1.0,0.99958,0.99958,1.0,0.0016,0.0009,0.957368,no_rebase_needed
TRMB,10,10,1.000361,0.999774,0.999413,1.0,0.0007,0.0008,0.956057,no_rebase_needed
TROW,10,10,1.00007,0.826365,0.826307,1.0,0.0006,0.0095,0.797481,
TRU,10,10,1.0,0.977847,0.977847,1.0,0.0005,0.0015,0.938009,
TRUE,10,10,,,,,,,,no_yahoo_history
TRV,10,10,1.000029,0.926126,0.926099,1.0,0.0007,0.0052,0.90298,
TSCO,10,10,5.000365,0.93141,0.186268,5.0,0.0007,0.0008,0.190952,
TSLA,10,10,3.0,0.999976,0.333325,3.0,0.0011,0.0006,0.319904,
TSM,10,10,1.0,0.946191,0.946191,1.0,0.0006,0.0037,0.894226,
TSN,10,10,0.997562,0.877639,0.879784,1.0,0.0049,0.0004,0.868902,
TT,10,10,0.995686,0.958834,0.962988,1.0,0.0047,0.0011,0.916518,
TTD,10,10,1.000067,0.999917,0.99985,1.0,0.0015,0.0011,0.874471,no_rebase_needed
TTWO,10,10,1.000031,1.000034,1.000003,1.0,0.0003,0.0008,1.000222,no_rebase_needed
TVIX,10,0,,,,,,,,no_seam_window
TVIZ,10,0,,,,,,,,no_seam_window
TW,10,10,0.999216,0.982997,0.983768,1.0,0.0012,0.0018,0.955419,
TWLO,10,10,0.999971,1.000038,1.000067,1.0,0.001,0.0009,0.94143,no_rebase_needed
TWM,10,10,0.200126,0.863861,4.316585,0.2,0.0039,0.006,4.530545,
TWTR,10,10,,,,,,,,no_yahoo_history
TXN,10,10,1.000118,0.888389,0.888283,1.0,0.0005,0.0007,0.861935,
TXT,10,10,1.0,0.995715,0.995715,1.0,0.0007,0.0007,0.951129,
TYBS,10,0,,,,,,,,no_seam_window
TYD,10,10,1.000316,0.909498,0.909211,1.0,0.004,0.0027,0.900825,
TYL,10,10,1.0,0.999794,0.999794,1.0,0.001,0.001,0.98026,no_rebase_needed
TYNS,10,0,,,,,,,,no_seam_window
TYO,10,10,1.0,0.879333,0.879333,1.0,0.0035,0.0036,0.887577,
TZA,10,10,0.99958,0.885609,0.885981,1.0,0.0019,0.0051,0.9466,
U,10,10,0.999947,0.999949,1.000001,1.0,0.0009,0.0009,0.917574,no_rebase_needed
UA,10,10,1.0,1.0,1.0,1.0,0.0007,0.0016,0.90483,no_rebase_needed
UAA,10,10,1.0,1.0,1.0,1.0,0.0012,0.0007,0.905697,no_rebase_needed
UAL,10,10,1.0,1.0,1.0,1.0,0.0006,0.001,0.849591,no_rebase_needed
UBER,10,10,1.0,0.99976,0.99976,1.0,0.0004,0.0007,0.957593,no_rebase_needed
UCC,10,10,1.002298,0.985251,0.982993,1.0,0.0279,0.0152,0.916357,pit_side_unstable;iex_side_unstable
UCD,10,0,,,,,,,,no_seam_window
UCO,10,10,4.000159,0.999733,0.249923,4.0,0.0022,0.0038,0.263136,
UDMY,10,10,,,,,,,,no_yahoo_history
UDN,10,10,1.0,0.870771,0.870771,1.0,0.0001,0.0043,0.866698,
UDR,10,10,1.0,0.848339,0.848339,1.0,0.0004,0.0007,0.842187,
UGA,10,10,1.0,1.000361,1.000361,1.0,0.0004,0.0134,1.010005,iex_side_unstable;no_rebase_needed
UGAZ,10,0,,,,,,,,no_seam_window
UGE,10,10,,,,,,,,no_overlap_with_yahoo
UGL,10,10,4.0,1.000366,0.250091,4.0,0.0013,0.0021,0.257497,
UGLD,10,10,,,,,,,,no_yahoo_history
UHN,10,0,,,,,,,,no_seam_window
UHS,10,10,0.998895,0.979793,0.980877,1.0,0.0026,0.0008,0.986476,
UKF,10,0,,,,,,,,no_seam_window
UKK,10,0,,,,,,,,no_seam_window
UKW,10,0,,,,,,,,no_seam_window
ULTA,10,10,1.0,0.999987,0.999987,1.0,0.0017,0.0008,0.955837,no_rebase_needed
UNG,10,10,0.25,0.999848,3.999393,0.25,0.0007,0.0024,3.895101,
UNH,10,10,0.999828,0.929815,0.929975,1.0,0.0011,0.0037,0.9062,
UNL,10,10,1.0,0.996159,0.996159,1.0,0.0008,0.0186,0.98481,iex_side_unstable
UNM,10,10,1.0,0.890428,0.890428,1.0,0.0007,0.0008,0.852885,
UNP,10,10,0.999647,0.912002,0.912324,1.0,0.0048,0.0009,0.900696,
UOIL,10,0,,,,,,,,no_seam_window
UPS,10,10,0.999976,0.826261,0.826281,1.0,0.0009,0.0016,0.790698,
UPW,10,10,4.000965,0.926907,0.231671,4.0,0.0125,0.0232,0.235699,pit_side_unstable;iex_side_unstable
UPWK,10,10,1.0,1.0,1.0,1.0,0.0013,0.002,0.874081,no_rebase_needed
URE,10,10,1.0,0.928594,0.928594,1.0,0.0062,0.0146,0.922663,iex_side_unstable
URI,10,10,0.999535,0.966159,0.966609,1.0,0.0008,0.001,0.910036,
USB,10,10,1.0,0.833304,0.833304,1.0,0.0002,0.0002,0.800908,
USCI,10,10,1.0,1.001494,1.001494,1.0,0.0006,0.0069,1.068405,no_rebase_needed
USD,10,10,4.0,0.988274,0.247068,4.0,0.0022,0.0221,0.221934,iex_side_unstable
USFD,10,10,0.999873,0.999927,1.000055,1.0,0.0008,0.0006,0.885808,no_rebase_needed
USL,10,10,1.0,1.000609,1.000609,1.0,0.0012,0.0122,1.051282,iex_side_unstable;no_rebase_needed
USLV,10,10,,,,,,,,no_yahoo_history
USO,10,10,1.0,0.999862,0.999862,1.0,0.0005,0.0012,1.036704,no_rebase_needed
USRT,10,10,0.999675,0.878007,0.878293,1.0,0.0011,0.0052,0.860813,
UUP,10,10,1.0,0.862167,0.862167,1.0,0.0009,0.0011,0.86793,
UUUU,10,10,0.998644,0.998969,1.000325,1.0,0.0042,0.0021,1.050796,no_rebase_needed
UVG,10,0,,,,,,,,no_seam_window
UVT,10,0,,,,,,,,no_seam_window
UVU,10,0,,,,,,,,no_seam_window
UWM,10,10,0.999787,0.967407,0.967613,1.0,0.0016,0.0082,0.920583,
UWT,10,0,,,,,,,,no_seam_window
UXI,10,10,1.001357,0.982622,0.981291,1.0,0.0069,0.0102,0.95052,iex_side_unstable
UYG,10,10,1.000165,0.87485,0.874706,1.0,0.0013,0.0353,0.81031,iex_side_unstable
UYM,10,10,,,,,,,,no_overlap_with_yahoo
V,10,10,1.0,0.969836,0.969836,1.0,0.0008,0.0009,0.924045,
VEEV,10,10,0.99977,0.999975,1.000205,1.0,0.0021,0.0016,0.968258,no_rebase_needed
VFC,10,10,1.0,0.87024,0.87024,1.0,0.0003,0.0094,0.812586,
VICI,10,10,1.000358,0.794423,0.794139,1.0,0.0007,0.0008,0.763336,
VIIX,10,0,,,,,,,,no_seam_window
VIIZ,10,0,,,,,,,,no_seam_window
VLO,10,10,1.000058,0.883484,0.883433,1.0,0.0002,0.0004,0.86314,
VMC,10,10,0.998722,0.968635,0.969874,1.0,0.0022,0.0009,0.930671,
VMW,10,10,,,,,,,,no_yahoo_history
VNM,10,10,1.000511,0.937459,0.936981,1.0,0.0036,0.0029,0.916704,
VNO,10,10,1.0,0.887342,0.887342,1.0,0.0003,0.0005,0.874094,
VNT,10,10,0.999587,0.987376,0.987784,1.0,0.0018,0.001,0.932457,
VRD,10,0,,,,,,,,no_seam_window
VRM,10,10,,,,,,,,no_yahoo_history
VRSK,10,10,0.999973,0.9728,0.972826,1.0,0.0013,0.002,0.970916,
VRSN,10,10,1.000023,0.987542,0.987518,1.0,0.0006,0.0006,0.974909,
VRTX,10,10,1.0,1.000224,1.000224,1.0,0.0003,0.0007,0.988384,no_rebase_needed
VTR,10,10,1.0,0.871321,0.871321,1.0,0.0002,0.0006,0.870407,
VTRS,10,10,1.0,0.836477,0.836477,1.0,0.0078,0.0021,0.8095,
VVV,10,10,0.999379,0.988266,0.98888,1.0,0.0043,0.0004,0.926463,
VXX,10,10,0.062482,1.001884,16.034821,,0.0014,0.0155,17.38068,P_not_canonical;iex_side_unstable
VXZ,10,10,,,,,,,,no_overlap_with_yahoo
VZ,10,10,0.999908,0.769962,0.770033,1.0,0.0006,0.0014,0.764232,
VZIO,10,10,,,,,,,,no_yahoo_history
W,10,10,1.000601,1.000115,0.999515,1.0,0.0025,0.002,1.008327,no_rebase_needed
WAB,10,10,0.999944,0.977703,0.977758,1.0,0.0016,0.0012,0.959655,
WAT,10,10,1.0,0.999952,0.999952,1.0,0.0004,0.001,0.975976,no_rebase_needed
WB,10,10,0.999829,0.776761,0.776894,1.0,0.001,0.0017,0.713893,
WBA,10,10,,,,,,,,no_yahoo_history
WDAY,10,10,1.0,1.000131,1.000131,1.0,0.0015,0.0015,0.934427,no_rebase_needed
WDC,10,10,1.323,0.897559,0.678427,1.3333333333333333,0.0006,0.0007,0.629438,
WE,10,10,,,,,,,,no_yahoo_history
WEC,10,10,1.0,0.871434,0.871434,1.0,0.0003,0.0007,0.879357,
WELL,10,10,0.996383,0.906682,0.909973,1.0,0.0077,0.0006,0.905129,
WFC,10,10,1.000093,0.902735,0.902651,1.0,0.0004,0.0007,0.847864,
WHR,10,10,0.999583,0.796754,0.797086,1.0,0.0092,0.0008,0.74162,
WIP,10,10,0.989622,0.767167,0.775212,,0.0139,0.0046,0.765404,P_not_canonical;pit_side_unstable
WM,10,10,1.0,0.935696,0.935696,1.0,0.0002,0.005,0.923791,
WMB,10,10,1.0,0.836337,0.836337,1.0,0.0006,0.0132,0.823898,iex_side_unstable
WMG,10,10,0.99986,0.913731,0.913859,1.0,0.0015,0.0014,0.83833,
WMT,10,10,3.000109,0.947292,0.315752,3.0,0.0001,0.0039,0.313346,
WOLF,10,10,,,,,,,,no_yahoo_history
WOOF,10,10,1.0,1.0,1.0,1.0,0.0012,0.0021,0.969315,no_rebase_needed
WPS,10,10,0.999761,0.928764,0.928987,1.0,0.0017,0.0102,0.907489,iex_side_unstable
WRB,10,10,2.249875,0.911995,0.405353,,0.0008,0.0018,0.399672,P_not_canonical
WRBY,10,10,0.999654,1.0,1.000346,1.0,0.0015,0.0019,0.907285,no_rebase_needed
WRK,10,10,,,,,,,,no_yahoo_history
WST,10,10,1.000274,0.989058,0.988787,1.0,0.0019,0.001,0.952213,
WTW,10,10,1.0,0.956767,0.956767,1.0,0.0009,0.0007,0.936616,
WU,10,10,1.0,0.70726,0.70726,1.0,0.0006,0.014,0.697601,iex_side_unstable
WY,10,10,0.995568,0.871577,0.875457,1.0,0.0047,0.0003,0.853178,
WYNN,10,10,0.999944,0.969628,0.969683,1.0,0.0004,0.0006,0.859634,
X,10,10,,,,,,,,no_yahoo_history
XBI,10,10,1.0,0.994768,0.994768,1.0,0.0009,0.0011,0.9924,
XEL,10,10,1.0,0.865526,0.865526,1.0,0.0003,0.0071,0.866201,
XES,10,10,1.000076,0.956859,0.956787,1.0,0.0019,0.0065,1.031949,
XHB,10,10,1.000285,0.964691,0.964416,1.0,0.0007,0.0009,0.91256,
XIV,10,0,,,,,,,,no_seam_window
XLB,10,10,2.00036,0.918322,0.459078,2.0,0.0004,0.0003,0.443303,
XLC,10,10,0.999927,0.955978,0.956048,1.0,0.0005,0.0006,0.924347,
XLE,10,10,1.999715,0.862118,0.43112,2.0,0.0008,0.0009,0.437478,
XLF,10,10,1.000128,0.929071,0.928952,1.0,0.0003,0.0006,0.894868,
XLG,10,10,10.004369,0.960116,0.09597,10.0,0.0014,0.0092,0.09369,
XLI,10,10,1.0,0.936321,0.936321,1.0,0.0002,0.0003,0.91124,
XLK,10,10,2.0,0.967904,0.483952,2.0,0.0004,0.0013,0.466309,
XLP,10,10,1.000066,0.894253,0.894194,1.0,0.0006,0.0005,0.878003,
XLU,10,10,2.0,0.879802,0.439901,2.0,0.0004,0.0004,0.445702,
XLV,10,10,1.000115,0.933266,0.933159,1.0,0.0005,0.0004,0.917317,
XLY,10,10,2.000002,0.964526,0.482263,2.0,0.0005,0.0006,0.458636,
XM,10,10,,,,,,,,no_yahoo_history
XME,10,10,1.0,0.960861,0.960861,1.0,0.0008,0.001,0.936895,
XMHQ,10,10,1.0,0.918714,0.918714,1.0,0.0,0.0122,0.887275,iex_side_unstable
XMMO,10,10,1.000174,0.962553,0.962386,1.0,0.002,0.0026,0.914234,
XMVM,10,10,1.0,0.928962,0.928962,1.0,0.0003,0.0082,0.887846,
XNTK,10,10,1.0,0.991516,0.991516,1.0,0.0006,0.0386,0.945456,iex_side_unstable
XOM,10,10,1.000062,0.871395,0.87134,1.0,0.0004,0.0009,0.902577,
XOP,10,10,1.000041,0.900385,0.900348,1.0,0.0017,0.0019,0.90441,
XPH,10,10,1.0,0.945305,0.945305,1.0,0.0006,0.0101,0.927628,iex_side_unstable
XRAY,10,10,1.000085,0.903205,0.903129,1.0,0.0004,0.0006,0.884814,
XRT,10,10,1.000134,0.938784,0.938658,1.0,0.0012,0.0007,0.897835,
XRX,10,10,1.000488,0.769429,0.769053,1.0,0.0006,0.0011,0.732469,
XSD,10,10,0.999749,0.986728,0.986976,1.0,0.0014,0.0115,0.953525,iex_side_unstable
XSMO,10,10,1.0,0.96168,0.96168,1.0,0.0017,0.0148,0.956761,iex_side_unstable
XSVM,10,10,0.999906,0.924035,0.924122,1.0,0.0012,0.0078,0.899786,
XYL,10,10,0.999889,0.952131,0.952236,1.0,0.0007,0.0008,0.931311,
YANG,10,10,0.049975,0.872805,17.464998,0.05,0.0024,0.0097,19.402278,
YELP,10,10,1.0,1.0,1.0,1.0,0.0006,0.001,0.943182,no_rebase_needed
YETI,10,10,1.000163,0.999958,0.999796,1.0,0.0006,0.0015,0.956724,no_rebase_needed
YINN,10,10,0.049997,0.926197,18.524902,0.05,0.0045,0.0048,16.422833,
YNDX,10,0,,,,,,,,no_seam_window
YRD,10,10,1.0,0.914221,0.914221,1.0,0.0133,0.0608,0.864988,pit_side_unstable;iex_side_unstable
YUM,10,10,1.0,0.926387,0.926387,1.0,0.0007,0.0007,0.88418,
YUMC,10,10,1.0,0.94178,0.94178,1.0,0.0004,0.0005,0.872828,
Z,10,10,1.0,0.99979,0.99979,1.0,0.0011,0.0015,0.957463,no_rebase_needed
ZBH,10,10,0.999878,0.966306,0.966424,1.0,0.0008,0.0007,0.936252,
ZBRA,10,10,1.000072,1.000026,0.999954,1.0,0.0009,0.001,0.968091,no_rebase_needed
ZEN,10,10,,,,,,,,no_yahoo_history
ZEUS,10,10,,,,,,,,no_yahoo_history
ZG,10,10,1.0,0.999796,0.999796,1.0,0.0019,0.0013,0.948627,no_rebase_needed
ZI,10,10,,,,,,,,no_yahoo_history
ZION,10,10,1.000071,0.864503,0.864442,1.0,0.0005,0.0003,0.822422,
ZIP,10,10,1.0,1.0,1.0,1.0,0.002,0.0006,0.949584,no_rebase_needed
ZIV,10,0,,,,,,,,no_seam_window
ZM,10,10,1.0,0.999868,0.999868,1.0,0.0009,0.001,0.990179,no_rebase_needed
ZNGA,10,10,,,,,,,,no_yahoo_history
ZS,10,10,1.00002,0.999803,0.999783,1.0,0.0011,0.0011,0.906599,no_rebase_needed
ZSL,10,10,0.025,1.000474,40.01894,0.025,0.0,0.0273,39.923846,iex_side_unstable
ZTS,10,10,0.999867,0.958482,0.958609,1.0,0.0006,0.0013,0.916058,
ZUO,10,10,,,,,,,,no_yahoo_history
