ticker,last_pitrading_date,first_iex_date,last_pitrading_close,first_iex_close,seam_ratio,nearest_canonical_factor,off_from_canonical_pct,direction,confidence
SOXS,2022-03-04,2022-03-07,4.87,9697.301,1991.232235,2000.0,0.44,reverse_split,clean
SSG,2022-03-04,2022-03-07,23.38,2029.0134,86.784151,100.0,13.22,reverse_split,stacked_or_unclear
DUST,2022-03-04,2022-03-07,12.84,1062.4422,82.744716,100.0,17.26,reverse_split,stacked_or_unclear
VRM,2022-03-04,2022-03-07,2.92,225.6,77.260274,100.0,22.74,reverse_split,stacked_or_unclear
CMG,2022-03-04,2022-03-07,1442.28,26.4792,0.018359,0.02,8.2,forward_split,stacked_or_unclear
WE,2022-03-04,2022-03-07,4.79,193.4,40.375783,40.0,0.94,reverse_split,clean
ZSL,2022-03-04,2022-03-07,21.01,838.8,39.923846,40.0,0.19,reverse_split,clean
NKLA,2022-03-04,2022-03-07,6.65,198.9,29.909774,30.0,0.3,reverse_split,clean
CHPT,2022-03-04,2022-03-07,14.4,314.5,21.840278,20.0,9.2,reverse_split,stacked_or_unclear
AMZN,2022-03-04,2022-03-07,2911.05,137.5298,0.047244,0.05,5.51,forward_split,clean
GOOG,2022-03-04,2022-03-07,2642.03,125.4276,0.047474,0.05,5.05,forward_split,clean
GOOGL,2022-03-04,2022-03-07,2637.47,125.2805,0.0475,0.05,5.0,forward_split,clean
AMWL,2022-03-04,2022-03-07,3.68,73.2,19.891304,20.0,0.54,reverse_split,clean
RENT,2022-03-04,2022-03-07,5.27,103.8,19.696395,20.0,1.52,reverse_split,clean
YANG,2022-03-04,2022-03-07,25.74,499.4146,19.402278,20.0,2.99,reverse_split,clean
BIRD,2022-03-04,2022-03-07,6.31,119.6,18.954041,20.0,5.23,reverse_split,clean
SPCE,2022-03-04,2022-03-07,7.84,147.4,18.80102,20.0,5.99,reverse_split,clean
SKLZ,2022-03-04,2022-03-07,2.51,46.8,18.645418,20.0,6.77,reverse_split,clean
OTLY,2022-03-04,2022-03-07,6.18,114.2,18.478964,20.0,7.61,reverse_split,clean
VXX,2022-03-04,2022-03-07,26.19,455.2,17.38068,20.0,13.1,reverse_split,stacked_or_unclear
YINN,2022-03-04,2022-03-07,5.84,95.9093,16.422833,15.0,9.49,reverse_split,stacked_or_unclear
ORLY,2022-03-04,2022-03-07,674.09,44.0357,0.065326,0.066667,2.01,forward_split,clean
NKTR,2022-03-04,2022-03-07,10.49,151.95,14.485224,15.0,3.43,reverse_split,clean
FUBO,2022-03-04,2022-03-07,7.37,87.48,11.869742,12.0,1.09,reverse_split,clean
AVGO,2022-03-04,2022-03-07,595.99,52.75,0.088508,0.083333,6.21,forward_split,clean
LRCX,2022-03-04,2022-03-07,525.94,46.7172,0.088826,0.083333,6.59,forward_split,clean
NVDA,2022-03-04,2022-03-07,229.36,21.3276,0.092987,0.1,7.01,forward_split,clean
SHOP,2022-03-04,2022-03-07,600.53,56.097,0.093412,0.1,6.59,forward_split,clean
XLG,2022-03-04,2022-03-07,330.92,31.0038,0.09369,0.1,6.31,forward_split,clean
APRN,2022-03-04,2022-03-07,4.93,52.32,10.612576,10.0,6.13,reverse_split,clean
NFLX,2022-03-04,2022-03-07,361.74,35.048,0.096887,0.1,3.11,forward_split,clean
LCID,2022-03-04,2022-03-07,22.63,231.7,10.238621,10.0,2.39,reverse_split,clean
TLRY,2022-03-04,2022-03-07,5.24,51.1,9.751908,10.0,2.48,reverse_split,clean
FAZ,2022-03-04,2022-03-07,21.04,204.6691,9.72762,10.0,2.72,reverse_split,clean
EDZ,2022-03-04,2022-03-07,11.93,115.7018,9.698388,10.0,3.02,reverse_split,clean
TECS,2022-03-04,2022-03-07,39.96,386.5304,9.672933,10.0,3.27,reverse_split,clean
SPXS,2022-03-04,2022-03-07,20.81,197.081,9.470494,10.0,5.3,reverse_split,clean
SIRI,2022-03-04,2022-03-07,6.17,56.2377,9.114696,10.0,8.85,reverse_split,stacked_or_unclear
SDIG,2022-03-04,2022-03-07,10.36,92.3,8.909266,8.0,11.37,reverse_split,stacked_or_unclear
TMF,2022-03-04,2022-03-07,23.61,201.8859,8.550863,8.0,6.89,reverse_split,clean
ERY,2022-03-04,2022-03-07,5.75,49.1534,8.548414,8.0,6.86,reverse_split,clean
UGLD,2020-07-02,2026-05-29,201.36,25.5,0.126639,0.125,1.31,forward_split,clean
IGM,2022-03-04,2022-03-07,362.73,56.9987,0.157138,0.166667,5.72,forward_split,clean
PANW,2022-03-04,2022-03-07,557.33,88.88,0.159475,0.166667,4.32,forward_split,clean
DECK,2022-03-04,2022-03-07,245.3,39.1375,0.15955,0.166667,4.27,forward_split,clean
CRED,2018-07-27,2023-06-02,107.53,17.26,0.160513,0.166667,3.69,forward_split,clean
QRTEA,2022-03-04,2022-03-07,4.99,0.8473,0.169798,0.166667,1.88,forward_split,clean
FTNT,2022-03-04,2022-03-07,335.58,58.2879,0.173693,0.166667,4.22,forward_split,clean
PRF,2022-03-04,2022-03-07,166.73,30.0628,0.180308,0.166667,8.19,forward_split,stacked_or_unclear
IJH,2022-03-04,2022-03-07,260.96,47.1797,0.180793,0.166667,8.48,forward_split,stacked_or_unclear
SKK,2015-01-08,2024-10-08,33.55,6.1,0.181818,0.166667,9.09,forward_split,stacked_or_unclear
PRFZ,2022-03-04,2022-03-07,179.82,33.2296,0.184794,0.2,7.6,forward_split,clean
IYH,2022-03-04,2022-03-07,278.54,51.9681,0.186573,0.2,6.71,forward_split,clean
RPG,2022-03-04,2022-03-07,174.13,32.5881,0.187148,0.2,6.43,forward_split,clean
IHF,2022-03-04,2022-03-07,279.58,52.67,0.18839,0.2,5.81,forward_split,clean
RFG,2022-03-04,2022-03-15,199.55,37.8417,0.189635,0.2,5.18,forward_split,clean
NOW,2022-03-04,2022-03-07,547.07,103.842,0.189815,0.2,5.09,forward_split,clean
TSCO,2022-03-04,2022-03-07,221.92,42.3761,0.190952,0.2,4.52,forward_split,clean
IGV,2022-03-04,2022-03-07,328.29,62.8282,0.19138,0.2,4.31,forward_split,clean
INFO,2022-02-25,2024-11-08,108.12,20.75,0.191916,0.2,4.04,forward_split,clean
EVX,2022-03-04,2022-03-08,143.58,27.6702,0.192717,0.2,3.64,forward_split,clean
PXJ,2022-03-04,2022-03-07,4.26,20.64,4.845063,5.0,3.1,reverse_split,clean
SCO,2022-03-04,2022-03-07,5.72,27.125,4.742133,5.0,5.16,reverse_split,clean
TWM,2022-03-04,2022-03-07,15.6,70.6765,4.530545,5.0,9.39,reverse_split,stacked_or_unclear
QID,2022-03-04,2022-03-07,20.69,93.5769,4.522808,5.0,9.54,reverse_split,stacked_or_unclear
USD,2022-03-04,2022-03-07,35.01,7.7699,0.221934,0.2,10.97,forward_split,stacked_or_unclear
GME,2022-03-04,2022-03-07,111.63,24.8175,0.222319,0.2,11.16,forward_split,stacked_or_unclear
SDS,2022-03-04,2022-03-07,41.69,184.4658,4.424702,4.0,10.62,reverse_split,stacked_or_unclear
TMV,2022-03-04,2022-03-07,61.33,13.8991,0.226628,0.25,9.35,forward_split,stacked_or_unclear
IYT,2022-03-04,2022-03-07,258.75,58.7997,0.227245,0.25,9.1,forward_split,stacked_or_unclear
PSQ,2022-03-04,2022-03-07,12.55,54.5961,4.350286,4.0,8.76,reverse_split,stacked_or_unclear
CPRT,2022-03-04,2022-03-07,118.49,27.4424,0.231601,0.25,7.36,forward_split,clean
UPW,2022-03-04,2022-03-07,71.53,16.8595,0.235699,0.25,5.72,forward_split,clean
TECH,2022-03-04,2022-03-07,417.91,98.5856,0.235901,0.25,5.64,forward_split,clean
COO,2022-03-04,2022-03-07,424.92,100.2751,0.235986,0.25,5.61,forward_split,clean
CTAS,2022-03-04,2022-03-07,378.94,89.4509,0.236055,0.25,5.58,forward_split,clean
UYM,2022-03-04,2022-03-09,100.37,23.8221,0.237343,0.25,5.06,forward_split,clean
DIG,2022-03-04,2022-03-07,135.47,32.2332,0.237936,0.25,4.83,forward_split,clean
IBKR,2022-03-04,2022-03-07,58.68,13.9732,0.238125,0.25,4.75,forward_split,clean
ANET,2022-03-04,2022-03-07,118.52,28.6,0.241309,0.25,3.48,forward_split,clean
DXCM,2022-03-04,2022-03-07,431.53,105.2012,0.243787,0.25,2.49,forward_split,clean
BITO,2022-03-04,2022-03-07,24.78,6.2931,0.253959,0.25,1.58,forward_split,clean
AMCR,2022-03-04,2022-03-07,11.29,44.236,3.918161,4.0,2.05,reverse_split,clean
UNG,2022-03-04,2022-03-07,17.35,67.58,3.895101,4.0,2.62,reverse_split,clean
UGL,2022-03-04,2022-03-07,68.69,17.6875,0.257497,0.25,3.0,forward_split,clean
GLL,2022-03-04,2022-03-07,26.98,104.72,3.881394,4.0,2.97,reverse_split,clean
UCO,2022-03-04,2022-03-07,177.75,46.7725,0.263136,0.25,5.25,forward_split,clean
EWV,2022-03-04,2022-03-09,15.45,58.233,3.769126,4.0,5.77,reverse_split,clean
PSP,2022-03-04,2022-03-07,12.14,45.74,3.76771,4.0,5.81,reverse_split,clean
SCC,2022-03-04,2022-03-07,11.33,42.1975,3.724405,4.0,6.89,reverse_split,clean
REW,2022-03-04,2022-03-07,17.55,64.4511,3.672427,4.0,8.19,reverse_split,stacked_or_unclear
KNOW,2020-10-16,2024-02-27,35.83,9.81,0.273793,0.25,9.52,forward_split,stacked_or_unclear
AMC,2022-03-04,2022-03-07,16.58,59.2039,3.570803,4.0,10.73,reverse_split,stacked_or_unclear
SKF,2022-03-04,2022-03-07,18.52,65.5613,3.540028,4.0,11.5,reverse_split,stacked_or_unclear
SRS,2022-03-04,2022-03-07,14.32,50.6805,3.53914,4.0,11.52,reverse_split,stacked_or_unclear
SH,2022-03-04,2022-03-07,14.83,52.1573,3.517012,4.0,12.07,reverse_split,stacked_or_unclear
IYK,2022-03-04,2022-03-07,201.95,59.3523,0.293896,0.333333,11.83,forward_split,stacked_or_unclear
DUG,2022-03-04,2022-03-07,24.51,82.9822,3.385647,3.0,12.85,reverse_split,stacked_or_unclear
IYG,2022-03-04,2022-03-07,176.7,52.3793,0.296431,0.333333,11.07,forward_split,stacked_or_unclear
SOXX,2022-03-04,2022-03-07,450.17,137.435,0.305296,0.333333,8.41,forward_split,stacked_or_unclear
NDAQ,2022-03-04,2022-03-07,171.53,52.9287,0.308568,0.333333,7.43,forward_split,clean
PTH,2022-03-04,2022-03-08,130.32,40.5373,0.31106,0.333333,6.68,forward_split,clean
WMT,2022-03-04,2022-03-07,142.8,44.7458,0.313346,0.333333,6.0,forward_split,clean
PSI,2022-03-04,2022-03-07,122.11,38.3409,0.313987,0.333333,5.8,forward_split,clean
PTF,2022-03-04,2022-03-07,129.29,41.1312,0.318131,0.333333,4.56,forward_split,clean
RZG,2022-03-04,2022-03-09,139.33,44.5462,0.319717,0.333333,4.08,forward_split,clean
TSLA,2022-03-04,2022-03-07,838.83,268.345,0.319904,0.333333,4.03,forward_split,clean
PWC,2022-03-04,2022-03-10,110.43,35.6974,0.323258,0.333333,3.02,forward_split,clean
IHE,2022-03-04,2022-03-18,186.68,60.6924,0.325114,0.333333,2.47,forward_split,clean
PSJ,2022-03-04,2022-03-07,105.54,34.48,0.326701,0.333333,1.99,forward_split,clean
PBR,2022-03-04,2022-03-07,14.52,5.0429,0.347309,0.333333,4.19,forward_split,clean
DD,2022-03-04,2022-03-07,74.38,26.6827,0.358736,0.333333,7.62,forward_split,clean
USLV,2020-07-02,2026-05-28,66.59,23.97,0.359964,0.333333,7.99,forward_split,clean
WRB,2022-03-04,2022-03-07,90.06,35.9945,0.399672,0.333333,19.9,forward_split,stacked_or_unclear
ETR,2022-03-04,2022-03-07,112.2,48.4443,0.431768,0.5,13.65,forward_split,stacked_or_unclear
XLE,2022-03-04,2022-03-07,75.23,32.9115,0.437478,0.5,12.5,forward_split,stacked_or_unclear
SRE,2022-03-04,2022-03-07,151.86,66.9388,0.440793,0.5,11.84,forward_split,stacked_or_unclear
XLB,2022-03-04,2022-03-07,83.05,36.8163,0.443303,0.5,11.34,forward_split,stacked_or_unclear
XLU,2022-03-04,2022-03-07,70.89,31.5958,0.445702,0.5,10.86,forward_split,stacked_or_unclear
FAST,2022-03-04,2022-03-07,53.97,24.5138,0.454212,0.5,9.16,forward_split,stacked_or_unclear
RXL,2022-03-04,2022-03-10,94.92,43.52,0.458491,0.5,8.3,forward_split,stacked_or_unclear
XLY,2022-03-04,2022-03-07,171.58,78.6928,0.458636,0.5,8.27,forward_split,stacked_or_unclear
SSO,2022-03-04,2022-03-07,60.02,27.5503,0.459019,0.5,8.2,forward_split,stacked_or_unclear
APH,2022-03-04,2022-03-07,38.115,17.5036,0.459232,0.5,8.15,forward_split,stacked_or_unclear
DDM,2022-03-04,2022-03-07,68.36,31.4287,0.459753,0.5,8.05,forward_split,stacked_or_unclear
QLD,2022-03-04,2022-03-07,62.86,28.9067,0.459858,0.5,8.03,forward_split,stacked_or_unclear
MNST,2022-03-04,2022-03-07,81.3,37.5,0.461255,0.5,7.75,forward_split,clean
SMH,2022-03-04,2022-03-07,255.5,118.3637,0.463263,0.5,7.35,forward_split,clean
ODFL,2022-03-04,2022-03-07,318.08,147.8176,0.464718,0.5,7.06,forward_split,clean
XLK,2022-03-04,2022-03-07,149.75,69.8297,0.466309,0.5,6.74,forward_split,clean
STI,2019-12-06,2024-02-05,70.16,145.0,2.066705,2.0,3.34,reverse_split,clean
AIV,2022-03-04,2022-03-07,7.33,3.5772,0.488024,0.5,2.4,forward_split,clean
LBTYA,2022-03-04,2022-03-07,23.99,11.9661,0.498794,0.5,0.24,forward_split,clean
LBTYK,2022-03-04,2022-03-07,24.45,12.3834,0.506481,0.5,1.3,forward_split,clean
AZN,2022-03-04,2022-03-07,57.46,111.8321,1.94626,2.0,2.69,reverse_split,clean
FXP,2022-03-04,2022-03-07,47.47,88.8017,1.87069,2.0,6.47,reverse_split,clean
SMN,2022-03-04,2022-03-07,11.88,22.129,1.862707,2.0,6.86,reverse_split,clean
EEV,2022-03-04,2022-03-07,20.35,37.8502,1.859963,2.0,7.0,reverse_split,clean
PCAR,2022-03-04,2022-03-07,87.96,47.5928,0.541074,0.5,8.21,forward_split,stacked_or_unclear
EUM,2022-03-04,2022-03-07,13.8,25.0498,1.8152,2.0,9.24,reverse_split,stacked_or_unclear
EFU,2022-03-04,2022-03-07,12.68,23.0074,1.814466,2.0,9.28,reverse_split,stacked_or_unclear
SDP,2022-03-04,2022-03-07,12.52,22.4286,1.791425,2.0,10.43,reverse_split,stacked_or_unclear
SIJ,2022-03-04,2022-03-07,16.15,28.54,1.767183,2.0,11.64,reverse_split,stacked_or_unclear
GE,2022-03-04,2022-03-07,89.15,51.9386,0.582597,0.5,16.52,forward_split,stacked_or_unclear
T,2022-03-04,2022-03-07,23.86,14.3569,0.601712,0.5,20.34,forward_split,stacked_or_unclear
FTV,2022-03-04,2022-03-07,60.61,38.028,0.62742,0.5,25.48,forward_split,stacked_or_unclear
WDC,2022-03-04,2022-03-07,50.27,31.6419,0.629438,0.5,25.89,forward_split,stacked_or_unclear
KSS,2022-03-04,2022-03-07,58.78,38.1332,0.648744,0.5,29.75,forward_split,stacked_or_unclear
EWT,2022-03-04,2022-03-07,62.53,40.8956,0.654016,0.5,30.8,forward_split,investigate
REM,2022-03-04,2022-03-07,31.75,21.3217,0.671551,0.5,34.31,forward_split,investigate
ACI,2022-03-04,2022-03-07,36.17,24.3568,0.673399,0.5,34.68,forward_split,investigate
MOMO,2022-03-04,2022-03-07,7.74,5.2171,0.674041,0.5,34.81,forward_split,investigate
MMM,2022-03-04,2022-03-07,146.72,99.1083,0.675493,0.5,35.1,forward_split,investigate
WU,2022-03-04,2022-03-07,17.76,12.3894,0.697601,0.5,39.52,forward_split,investigate
RIO,2022-03-04,2022-03-07,81.88,57.7113,0.704828,0.5,40.97,forward_split,investigate
MO,2022-03-04,2022-03-07,53.49,37.76,0.705926,0.5,41.19,forward_split,investigate
EWZ,2022-03-04,2022-03-07,34.29,24.2231,0.70642,0.5,41.28,forward_split,investigate
SD,2022-03-04,2022-03-07,15.64,11.1433,0.712489,0.5,42.5,forward_split,investigate
ET,2022-03-04,2022-03-07,10.44,7.4519,0.713788,0.5,42.76,forward_split,investigate
WB,2022-03-04,2022-03-07,25.76,18.3899,0.713893,0.5,42.78,forward_split,investigate
F,2022-03-04,2022-03-07,16.86,12.1314,0.71954,0.5,43.91,forward_split,investigate
LYB,2022-03-04,2022-03-07,97.11,70.2017,0.722909,0.5,44.58,forward_split,investigate
TDG,2022-03-04,2022-03-07,632.83,460.5683,0.727791,0.5,45.56,forward_split,investigate
M,2022-03-04,2022-03-07,24.78,18.0525,0.728511,0.5,45.7,forward_split,investigate
ILF,2022-03-04,2022-03-07,27.55,20.0815,0.72891,0.5,45.78,forward_split,investigate
BDX,2022-03-04,2022-03-07,275.27,201.5593,0.732224,0.5,46.44,forward_split,investigate
XRX,2022-03-04,2022-03-07,18.52,13.5653,0.732469,0.5,46.49,forward_split,investigate
J,2022-03-04,2022-03-07,127.97,93.8866,0.733661,0.5,46.73,forward_split,investigate
OPRA,2022-03-04,2022-03-07,5.11,3.7523,0.734298,0.5,46.86,forward_split,investigate
PBP,2022-03-04,2022-03-07,22.3,16.4285,0.736704,0.5,47.34,forward_split,investigate
WHR,2022-03-04,2022-03-07,203.98,151.2757,0.74162,0.5,48.32,forward_split,investigate
SPG,2022-03-04,2022-03-07,136.86,101.5072,0.741686,0.5,48.34,forward_split,investigate
SLG,2022-03-04,2022-03-07,78.97,58.8083,0.744692,0.5,48.94,forward_split,investigate
BBBY,2022-03-04,2022-03-07,16.18,21.7,1.341162,2.0,32.94,reverse_split,investigate
IDV,2022-03-04,2022-03-07,30.71,23.0646,0.751046,0.5,50.21,forward_split,investigate
SAVE,2022-03-04,2022-03-07,22.32,16.7959,0.752506,0.5,50.5,forward_split,investigate
LNC,2022-03-04,2022-03-07,61.68,46.522,0.754248,0.5,50.85,forward_split,investigate
PCY,2022-03-04,2022-03-07,21.23,16.068,0.756855,0.5,51.37,forward_split,investigate
VICI,2022-03-04,2022-03-07,27.87,21.2742,0.763336,0.5,52.67,forward_split,investigate
PM,2022-03-04,2022-03-07,99.78,76.2073,0.763753,0.5,52.75,forward_split,investigate
VZ,2022-03-04,2022-03-07,55.09,42.1015,0.764232,0.5,52.85,forward_split,investigate
JNK,2022-03-04,2022-03-07,102.85,78.6246,0.764459,0.5,52.89,forward_split,investigate
WIP,2022-03-04,2022-03-07,54.28,41.5461,0.765404,0.5,53.08,forward_split,investigate
EWO,2022-03-04,2022-03-07,19.82,15.1912,0.766457,0.5,53.29,forward_split,investigate
SCCO,2022-03-04,2022-03-07,76.6,59.0141,0.770419,0.5,54.08,forward_split,investigate
CMA,2022-03-04,2022-03-07,90.21,69.7431,0.773119,0.5,54.62,forward_split,investigate
KEY,2022-03-04,2022-03-07,23.22,17.9571,0.773346,0.5,54.67,forward_split,investigate
PSK,2022-03-04,2022-03-07,38.93,30.12,0.773696,0.5,54.74,forward_split,investigate
PGF,2022-03-04,2022-03-07,17.06,13.2024,0.773881,0.5,54.78,forward_split,investigate
PFF,2022-03-04,2022-03-07,35.86,27.7678,0.774339,0.5,54.87,forward_split,investigate
RKT,2022-03-04,2022-03-07,14.23,11.0431,0.776045,0.5,55.21,forward_split,investigate
FAS,2022-03-04,2022-03-07,108.28,84.0654,0.776371,0.5,55.27,forward_split,investigate
TFC,2022-03-04,2022-03-07,58.95,45.7707,0.776433,0.5,55.29,forward_split,investigate
DRI,2022-03-04,2022-03-07,132.08,102.9326,0.77932,0.5,55.86,forward_split,investigate
EMN,2022-03-04,2022-03-07,114.86,89.5374,0.779535,0.5,55.91,forward_split,investigate
O,2022-03-04,2022-03-07,66.82,52.3837,0.783953,0.5,56.79,forward_split,investigate
BX,2022-03-04,2022-03-07,121.1,95.128,0.785532,0.5,57.11,forward_split,investigate
RF,2022-03-04,2022-03-07,22.61,17.7647,0.785703,0.5,57.14,forward_split,investigate
BEN,2022-03-04,2022-03-07,28.19,22.1552,0.785924,0.5,57.18,forward_split,investigate
DOW,2022-03-04,2022-03-07,58.8,46.2503,0.786569,0.5,57.31,forward_split,investigate
HBAN,2022-03-04,2022-03-07,14.76,11.6122,0.786732,0.5,57.35,forward_split,investigate
PRU,2022-03-04,2022-03-07,106.41,83.7315,0.786876,0.5,57.38,forward_split,investigate
HYG,2022-03-04,2022-03-07,82.54,64.9663,0.787089,0.5,57.42,forward_split,investigate
BWA,2022-03-04,2022-03-07,36.93,29.0937,0.787806,0.5,57.56,forward_split,investigate
MAC,2022-03-04,2022-03-07,15.15,11.9392,0.788067,0.5,57.61,forward_split,investigate
CAKE,2022-03-04,2022-03-07,36.61,28.8897,0.78912,0.5,57.82,forward_split,investigate
BRF,2022-03-04,2022-03-07,17.5,13.8165,0.789516,0.5,57.9,forward_split,investigate
TPR,2022-03-04,2022-03-07,36.45,28.8006,0.790139,0.5,58.03,forward_split,investigate
CFG,2022-03-04,2022-03-07,48.17,38.0733,0.790395,0.5,58.08,forward_split,investigate
LH,2022-03-04,2022-03-07,269.14,212.7832,0.790604,0.5,58.12,forward_split,investigate
UPS,2022-03-04,2022-03-07,210.38,166.3471,0.790698,0.5,58.14,forward_split,investigate
ALLY,2022-03-04,2022-03-07,44.79,35.4422,0.791297,0.5,58.26,forward_split,investigate
NWL,2022-03-04,2022-03-07,23.15,18.3237,0.791521,0.5,58.3,forward_split,investigate
BXP,2022-03-04,2022-03-07,123.14,97.5595,0.792265,0.5,58.45,forward_split,investigate
EZA,2022-03-04,2022-03-07,52.06,41.305,0.793412,0.5,58.68,forward_split,investigate
HST,2022-03-04,2022-03-07,17.26,13.7012,0.79381,0.5,58.76,forward_split,investigate
PXH,2022-03-04,2022-03-07,20.52,16.2981,0.794253,0.5,58.85,forward_split,investigate
PFE,2022-03-04,2022-03-07,48.65,38.6851,0.795172,0.5,59.03,forward_split,investigate
KMI,2022-03-04,2022-03-07,18.84,15.024,0.797453,0.5,59.49,forward_split,investigate
TROW,2022-03-04,2022-03-07,138.8,110.6904,0.797481,0.5,59.5,forward_split,investigate
CCI,2022-03-04,2022-03-07,179.1,142.8505,0.797602,0.5,59.52,forward_split,investigate
MLCO,2022-03-04,2022-03-07,9.42,7.53,0.799363,0.5,59.87,forward_split,investigate
PLTK,2022-03-04,2022-03-07,17.7,14.1536,0.799641,0.5,59.93,forward_split,investigate
